image_name,flower
0011165.jpg,1
002be4f.jpg,1
0031ae9.jpg,1
0035239.jpg,1
003994e.jpg,0
00498ec.jpg,0
006bf7c.jpg,0
006c5a6.jpg,0
008233e.jpg,0
008a5ff.jpg,0
0091591.jpg,1
0095357.jpg,0
009e2f3.jpg,0
00a0954.jpg,0
00b81e1.jpg,1
00bea06.jpg,0
00cedfa.jpg,0
00d4443.jpg,0
00dec6a.jpg,1
0100a84.jpg,0
0104b5b.jpg,0
0107838.jpg,0
0118bff.jpg,1
011ba04.jpg,1
01242d7.jpg,0
014310a.jpg,0
0146ef3.jpg,0
0153a8b.jpg,0
015aa06.jpg,1
015b764.jpg,1
016c135.jpg,0
017ded1.jpg,0
0187cd7.jpg,1
01a7865.jpg,1
01c6ec3.jpg,1
01eecc1.jpg,0
0208ccf.jpg,1
021bb26.jpg,0
0225687.jpg,1
022a275.jpg,0
022d78c.jpg,1
022fd47.jpg,0
023accd.jpg,1
025ad96.jpg,0
02601cd.jpg,1
0269e9a.jpg,1
027000d.jpg,0
0277e9a.jpg,0
028fd83.jpg,0
028fe8a.jpg,1
029b861.jpg,0
02b6a5d.jpg,0
02c3e33.jpg,0
030ac75.jpg,1
031bfc5.jpg,0
0326622.jpg,0
0330f49.jpg,0
034a383.jpg,1
034ef1c.jpg,0
0358d2e.jpg,0
0362b0a.jpg,1
0365c50.jpg,1
038407e.jpg,1
03a5e35.jpg,0
03b1dc4.jpg,0
03c3906.jpg,1
03eb81a.jpg,0
03ed174.jpg,1
04029b4.jpg,1
041cc12.jpg,1
042bba1.jpg,0
042f854.jpg,0
0432314.jpg,1
0434aa4.jpg,1
043e76c.jpg,1
043fe61.jpg,1
0448942.jpg,0
044b59c.jpg,0
0451ee4.jpg,0
045e367.jpg,0
046586a.jpg,0
047be07.jpg,1
0488540.jpg,0
04920b8.jpg,0
0493d31.jpg,0
049585f.jpg,1
0499a68.jpg,0
04a4276.jpg,1
04c2acd.jpg,1
04d2879.jpg,1
04d5fe8.jpg,0
04d92ec.jpg,1
04df149.jpg,1
04f9039.jpg,0
04fddf9.jpg,1
04fe809.jpg,0
05028f9.jpg,1
0502b9e.jpg,0
0505b52.jpg,1
050937d.jpg,0
05193c8.jpg,0
053f180.jpg,1
054c1e5.jpg,1
0556b64.jpg,0
05572a2.jpg,1
055ebcb.jpg,1
0561c49.jpg,1
056b48e.jpg,1
05776fc.jpg,1
059cca2.jpg,0
059fc10.jpg,1
05a1aa8.jpg,0
05c0dfb.jpg,0
05e20ba.jpg,0
05e67a7.jpg,0
05ea471.jpg,0
05f1431.jpg,1
05f5370.jpg,1
060774a.jpg,0
060ce39.jpg,1
061cda5.jpg,0
0624fa5.jpg,0
064dd48.jpg,0
065623d.jpg,0
066c71d.jpg,1
066f427.jpg,1
06728a1.jpg,1
0686242.jpg,1
068771e.jpg,0
0687f62.jpg,0
068d881.jpg,0
06968b0.jpg,1
0697495.jpg,0
0698236.jpg,1
06b7be8.jpg,0
06b84fd.jpg,0
06d6a41.jpg,0
06e5dd6.jpg,0
06f1f1f.jpg,0
070f5c6.jpg,1
0718a60.jpg,0
071edac.jpg,1
0721695.jpg,0
072c41a.jpg,1
07358b2.jpg,0
0741fda.jpg,1
0745d08.jpg,1
07551f3.jpg,1
0761274.jpg,1
0766057.jpg,1
076de5e.jpg,1
0770f53.jpg,1
0778609.jpg,0
077bd40.jpg,1
0799206.jpg,0
079aef5.jpg,1
07c3377.jpg,1
07c5a0d.jpg,0
07c5fc9.jpg,0
07f289d.jpg,1
07f403d.jpg,1
080c004.jpg,0
0821c37.jpg,1
08329b8.jpg,0
085507c.jpg,0
0862841.jpg,1
086b4ce.jpg,0
086c226.jpg,0
0875ced.jpg,1
0879076.jpg,0
087f98b.jpg,0
08aa34b.jpg,0
08b4cfe.jpg,0
08b7a6a.jpg,0
08b9a6f.jpg,0
08e5ced.jpg,0
08ece64.jpg,1
08f255e.jpg,0
08f8226.jpg,1
08f8fe9.jpg,1
09024fd.jpg,1
090a037.jpg,0
0916eef.jpg,0
0917ffe.jpg,1
0929f85.jpg,0
09439a0.jpg,1
094e354.jpg,0
0966d21.jpg,0
0968521.jpg,0
098252b.jpg,1
098c5e0.jpg,1
09a95c4.jpg,1
09bde05.jpg,1
09bdff1.jpg,0
09c269d.jpg,0
09c64c8.jpg,0
09cf686.jpg,1
09cfd7c.jpg,1
09d0eee.jpg,1
09d3a37.jpg,1
09d567c.jpg,1
09e313c.jpg,1
09ed9b1.jpg,1
09f7f88.jpg,0
0a14f2b.jpg,0
0a1b596.jpg,0
0a20edf.jpg,0
0a21f23.jpg,0
0a3154d.jpg,0
0a380d0.jpg,1
0a421b8.jpg,1
0a44491.jpg,1
0a4657d.jpg,1
0a515e3.jpg,0
0a5d418.jpg,1
0a60891.jpg,0
0a709e6.jpg,1
0a7a247.jpg,0
0a89811.jpg,1
0a914ab.jpg,0
0a969b9.jpg,0
0a97028.jpg,0
0a99863.jpg,1
0aa2df7.jpg,1
0aaa299.jpg,1
0aaa3dd.jpg,0
0ab1fb2.jpg,1
0ab6229.jpg,0
0ac087b.jpg,0
0ac5f5c.jpg,1
0ad0a05.jpg,1
0ad3dde.jpg,1
0ad97bb.jpg,0
0ae8c34.jpg,0
0ae968e.jpg,1
0afaa7f.jpg,0
0afd5a6.jpg,1
0b10051.jpg,1
0b1dd45.jpg,0
0b265f4.jpg,0
0b32df8.jpg,0
0b3fd78.jpg,0
0b4fb36.jpg,1
0b53e2c.jpg,1
0b5a667.jpg,1
0b652e1.jpg,0
0b6e69c.jpg,0
0b80c78.jpg,0
0bb16fb.jpg,1
0bb93f0.jpg,1
0bca0fc.jpg,1
0bdb3e1.jpg,1
0be49f7.jpg,0
0bfbfc8.jpg,0
0c0e600.jpg,0
0c10e30.jpg,1
0c15f22.jpg,1
0c1d048.jpg,1
0c1e565.jpg,1
0c2a033.jpg,0
0c4cbab.jpg,0
0c4f038.jpg,1
0c64c69.jpg,1
0c76794.jpg,0
0c88342.jpg,0
0c95a41.jpg,0
0ca6ecd.jpg,0
0cabeda.jpg,0
0cad5f3.jpg,1
0cb6144.jpg,1
0cd0a7d.jpg,0
0cd556b.jpg,1
0cdffd9.jpg,0
0cf1dcc.jpg,0
0cf6773.jpg,1
0d01dad.jpg,0
0d08b24.jpg,1
0d0af9a.jpg,0
0d0b28c.jpg,0
0d0de88.jpg,0
0d24e80.jpg,0
0d38eab.jpg,0
0d56b5d.jpg,1
0d675fc.jpg,1
0d6d044.jpg,0
0d73dcc.jpg,1
0d81f99.jpg,1
0d82645.jpg,1
0d84609.jpg,0
0d90683.jpg,0
0dab774.jpg,0
0db22fe.jpg,0
0dbccb5.jpg,1
0dbe95f.jpg,0
0dc7bb3.jpg,0
0dcd917.jpg,0
0dd0c51.jpg,0
0ddf358.jpg,0
0de33f1.jpg,0
0dfbb7e.jpg,0
0e00929.jpg,1
0e2612c.jpg,1
0e26259.jpg,1
0e407e8.jpg,1
0e42958.jpg,0
0e47c4d.jpg,1
0e54437.jpg,1
0e56ffd.jpg,0
0e77759.jpg,0
0e79fa8.jpg,0
0e86f87.jpg,1
0e8c498.jpg,0
0e9c181.jpg,0
0e9deba.jpg,0
0ea56ef.jpg,1
0eb8784.jpg,1
0eba747.jpg,0
0ebb3e3.jpg,0
0ece863.jpg,0
0eecb90.jpg,1
0eee242.jpg,0
0ef0a95.jpg,1
0eff39e.jpg,1
0f1786f.jpg,1
0f1a7a3.jpg,1
0f1d18d.jpg,1
0f21e87.jpg,0
0f22465.jpg,1
0f34634.jpg,0
0f507d3.jpg,0
0f529c5.jpg,1
0f57642.jpg,1
0f5f991.jpg,1
0f6a44e.jpg,0
0f7b777.jpg,0
0f91409.jpg,0
0f9a390.jpg,0
0fa3287.jpg,1
0fb3674.jpg,0
0fb5df4.jpg,1
0fb64d9.jpg,0
0fc0e21.jpg,1
0fcf213.jpg,0
0fdf64a.jpg,0
0fe3fd9.jpg,1
0ff2c12.jpg,1
100752c.jpg,0
1007e0c.jpg,1
100bcc1.jpg,0
1013c1d.jpg,1
10192c3.jpg,0
10257e5.jpg,0
10401e7.jpg,1
1047aa1.jpg,1
104b257.jpg,1
1054bbd.jpg,0
105edca.jpg,0
106b15a.jpg,1
109a3ef.jpg,0
10bed8d.jpg,1
10c1a52.jpg,0
10cbb5e.jpg,1
10cd67c.jpg,0
10dabe8.jpg,1
10de692.jpg,1
10e475e.jpg,1
10e4ca6.jpg,1
10ed18e.jpg,0
10ed865.jpg,0
10f21b7.jpg,0
10f4f4c.jpg,0
1120e13.jpg,0
1127056.jpg,1
1130091.jpg,0
11388ad.jpg,1
1139fcf.jpg,1
1149759.jpg,0
114d48a.jpg,1
115943f.jpg,0
116433b.jpg,1
116670d.jpg,1
116afdf.jpg,0
1187ec0.jpg,1
118da86.jpg,1
11958e0.jpg,1
11c88d4.jpg,0
11e8e7b.jpg,0
11f25d7.jpg,0
11f2a0a.jpg,1
11ff032.jpg,0
121ea48.jpg,1
12252ea.jpg,0
1230c60.jpg,1
1238aa0.jpg,1
1248c99.jpg,1
124fa12.jpg,1
125ac07.jpg,1
1283aa1.jpg,0
1284dde.jpg,1
1287d3a.jpg,1
12acb4b.jpg,1
12ae62b.jpg,0
12af2d9.jpg,1
12b065b.jpg,1
12b2ee4.jpg,1
12be121.jpg,0
12be717.jpg,1
12db338.jpg,1
12e0e0d.jpg,1
12e10fa.jpg,0
12e55a8.jpg,1
12ee67e.jpg,1
12ffc06.jpg,1
1308693.jpg,1
130f074.jpg,0
1311a82.jpg,0
13123f6.jpg,0
1313e97.jpg,0
131cad7.jpg,0
131fd60.jpg,0
134d522.jpg,1
1353ca0.jpg,0
135537c.jpg,1
1355431.jpg,0
13578f2.jpg,1
135e2fa.jpg,1
1360260.jpg,0
136d170.jpg,0
136ec24.jpg,1
136f59b.jpg,0
1381cad.jpg,1
13ab789.jpg,0
13b3344.jpg,0
13c92a0.jpg,1
13cb512.jpg,0
13d35e7.jpg,0
13d3608.jpg,1
13d9125.jpg,0
13df2eb.jpg,1
13e252f.jpg,0
13eb96d.jpg,0
13fae6e.jpg,1
140c4ef.jpg,1
141a13c.jpg,0
143227b.jpg,1
143681e.jpg,0
143c7a8.jpg,0
143d3c2.jpg,0
144d107.jpg,0
144d4a8.jpg,0
146a45b.jpg,1
14750a8.jpg,1
148a6ef.jpg,1
1493053.jpg,0
14a977b.jpg,0
14aad39.jpg,0
14c052f.jpg,0
14d1403.jpg,1
14de64b.jpg,0
14df62f.jpg,1
1504549.jpg,0
15083c7.jpg,0
150c061.jpg,0
1524b90.jpg,0
15251c3.jpg,0
1525644.jpg,0
153bfaa.jpg,1
154de05.jpg,1
155f821.jpg,1
1560b44.jpg,1
1563170.jpg,0
1567149.jpg,0
156f6aa.jpg,1
15735f9.jpg,0
1584ad9.jpg,1
1588d4c.jpg,0
159985f.jpg,1
159d3a1.jpg,0
15b3f99.jpg,0
15b8121.jpg,0
15b932e.jpg,0
15b9d31.jpg,0
15d8b88.jpg,0
15d9fa0.jpg,1
15f05cb.jpg,1
160114e.jpg,0
1612248.jpg,0
161716e.jpg,0
161d598.jpg,0
1643d6e.jpg,0
1647142.jpg,1
165462c.jpg,0
166baf3.jpg,0
168f8f5.jpg,1
169a970.jpg,0
169b6b1.jpg,0
16a0d11.jpg,0
16ba64d.jpg,0
16bdc2f.jpg,0
16c5f21.jpg,1
16c65fc.jpg,0
16cf591.jpg,0
16d6983.jpg,0
16f5113.jpg,0
16f77b0.jpg,1
171e62f.jpg,0
172c0ea.jpg,1
17381cd.jpg,1
1745e62.jpg,1
174bf1a.jpg,1
175d327.jpg,0
175da8e.jpg,1
175e008.jpg,0
176650e.jpg,0
176ae6f.jpg,0
1771ac3.jpg,0
1773607.jpg,0
177cd56.jpg,0
177d1eb.jpg,0
178ceab.jpg,0
179327a.jpg,0
17a24a5.jpg,1
17a4b8a.jpg,0
17aa1aa.jpg,0
17c3776.jpg,0
17c3e51.jpg,1
17d8926.jpg,0
17e7d42.jpg,0
17f7a0b.jpg,1
17fe76e.jpg,1
17ff40b.jpg,1
180dab9.jpg,1
181395a.jpg,1
1817728.jpg,1
1818d47.jpg,0
18221ff.jpg,0
182254d.jpg,1
1822ac7.jpg,0
182409a.jpg,1
1824735.jpg,1
1827e16.jpg,1
182eb06.jpg,0
182f581.jpg,0
1837609.jpg,0
183ba8d.jpg,0
1860780.jpg,1
186b357.jpg,0
1880aa1.jpg,1
18859af.jpg,0
18a8d69.jpg,0
18c6985.jpg,0
18c9fd5.jpg,0
18d341f.jpg,1
18e7e12.jpg,1
18f4182.jpg,0
18fb01f.jpg,0
19047cf.jpg,1
1907dd8.jpg,1
1909098.jpg,0
19192fa.jpg,0
191c732.jpg,1
1930ced.jpg,1
1944d16.jpg,1
1945738.jpg,0
1945eb2.jpg,0
1955970.jpg,1
1959481.jpg,0
195f280.jpg,0
196c777.jpg,0
196f033.jpg,0
1977dc1.jpg,1
197b5b7.jpg,0
19807b1.jpg,1
198a756.jpg,0
1999872.jpg,1
19a6fb6.jpg,0
19accf7.jpg,0
19c51cd.jpg,1
19e15d2.jpg,0
19e1a35.jpg,1
19f1a0e.jpg,1
1a18d51.jpg,1
1a25aa6.jpg,0
1a296e1.jpg,1
1a3f6e6.jpg,0
1a5a7ec.jpg,1
1a5adab.jpg,0
1a69075.jpg,0
1a6a128.jpg,1
1a6bc7d.jpg,0
1a7c794.jpg,0
1a7dc3f.jpg,0
1a89fcf.jpg,1
1a96573.jpg,1
1ab3ae5.jpg,1
1ab5e0d.jpg,0
1abb599.jpg,0
1abcd7a.jpg,0
1abdd52.jpg,0
1acf4e1.jpg,1
1acf83c.jpg,0
1ad811c.jpg,1
1ae0cf9.jpg,0
1ae4549.jpg,1
1ae5c72.jpg,0
1afc3ef.jpg,1
1b0083b.jpg,0
1b0a51a.jpg,1
1b0becf.jpg,0
1b0d75f.jpg,0
1b0df6d.jpg,1
1b0faf6.jpg,0
1b15954.jpg,1
1b43606.jpg,0
1b55e5b.jpg,0
1b5a253.jpg,1
1b5e7d1.jpg,1
1b61e78.jpg,1
1b62d67.jpg,1
1b8a5c0.jpg,0
1b8c563.jpg,0
1b943b9.jpg,0
1bb252b.jpg,0
1bb3c7a.jpg,0
1bbcdab.jpg,0
1bd1af7.jpg,0
1be8360.jpg,1
1bf444c.jpg,0
1bf56de.jpg,1
1c0199e.jpg,1
1c17cd8.jpg,1
1c25e19.jpg,1
1c2a208.jpg,0
1c3a47b.jpg,0
1c4b945.jpg,0
1c51d97.jpg,1
1c5ba78.jpg,0
1c675c8.jpg,0
1c7592c.jpg,1
1c75e0f.jpg,1
1c8fab7.jpg,1
1c9c133.jpg,0
1c9dc3c.jpg,1
1ca1bf1.jpg,0
1cb3f58.jpg,0
1cc2e60.jpg,0
1ccc7db.jpg,1
1cd34f0.jpg,1
1cd4af5.jpg,1
1cd77aa.jpg,0
1d03a48.jpg,0
1d115c0.jpg,1
1d20d37.jpg,1
1d30ec2.jpg,1
1d518f2.jpg,1
1d59a74.jpg,0
1d655f7.jpg,0
1d6d628.jpg,1
1d7b9b4.jpg,1
1d8ba80.jpg,1
1d8ce67.jpg,0
1d9080c.jpg,0
1dacc16.jpg,0
1dad1e6.jpg,0
1db4de4.jpg,0
1db7e30.jpg,1
1db9078.jpg,0
1de58ae.jpg,1
1dea855.jpg,0
1df3c0f.jpg,1
1df3c2c.jpg,0
1df7c97.jpg,0
1dfdc2f.jpg,1
1e093aa.jpg,0
1e10838.jpg,1
1e128f0.jpg,1
1e40a05.jpg,0
1e40cf3.jpg,0
1e45053.jpg,1
1e53eb3.jpg,0
1e5e148.jpg,1
1e5f240.jpg,0
1e61a35.jpg,0
1e637ce.jpg,0
1e6accd.jpg,1
1e6f0a5.jpg,1
1e7e83c.jpg,0
1e81237.jpg,1
1e89fa3.jpg,1
1e9a8ba.jpg,1
1ea27d0.jpg,0
1eac7c5.jpg,1
1ec7c3e.jpg,1
1ecd287.jpg,0
1ed1c71.jpg,0
1ed1de9.jpg,1
1edcdca.jpg,0
1eee939.jpg,1
1eefbee.jpg,1
1ef6eb0.jpg,0
1efdd45.jpg,0
1f2064b.jpg,0
1f2b25e.jpg,1
1f31da9.jpg,1
1f3d231.jpg,1
1f42c22.jpg,1
1f51081.jpg,1
1f72d0c.jpg,0
1f778a1.jpg,0
1f7d39c.jpg,0
1f846aa.jpg,1
1f98b20.jpg,0
1f995ec.jpg,1
1f9dc0a.jpg,0
1f9e9c8.jpg,0
1fa1af6.jpg,1
1fa5dc9.jpg,1
1faee38.jpg,0
1fdd073.jpg,0
1fde3a9.jpg,1
1ff1606.jpg,0
1ff7088.jpg,1
1fff557.jpg,0
20019f4.jpg,0
2011ba8.jpg,1
2011d14.jpg,1
2012217.jpg,0
201e402.jpg,1
201e8bc.jpg,1
202bbe5.jpg,1
203210a.jpg,0
2034eb0.jpg,0
2052d5e.jpg,1
205f4d9.jpg,1
2072a00.jpg,0
2098442.jpg,1
20a75a2.jpg,1
20acdb9.jpg,0
20b5d9e.jpg,0
20b6edb.jpg,0
20bfa73.jpg,0
20ce8a1.jpg,0
20d18d9.jpg,0
20e355c.jpg,1
20fd60a.jpg,1
20ff5a3.jpg,0
2107837.jpg,0
2122e58.jpg,0
2146322.jpg,1
214a134.jpg,1
21561a2.jpg,0
215983c.jpg,0
217fe85.jpg,1
2181ed8.jpg,1
2184756.jpg,1
21a1772.jpg,0
21b55aa.jpg,1
21b750d.jpg,0
21d0aaf.jpg,1
21d5124.jpg,0
21d8517.jpg,0
21d93a3.jpg,1
220cb00.jpg,0
2216d4c.jpg,1
221b3c5.jpg,0
2228713.jpg,1
222adf2.jpg,0
225361c.jpg,0
226585a.jpg,0
226aec4.jpg,0
228ad71.jpg,1
22aea6f.jpg,0
22db04c.jpg,0
22eca9b.jpg,0
22ed4e2.jpg,0
2301c2f.jpg,1
23162da.jpg,0
231726b.jpg,1
2317309.jpg,1
231a6b7.jpg,1
231be51.jpg,0
231f796.jpg,1
2325bfb.jpg,1
2325e1d.jpg,1
23374cf.jpg,0
233f927.jpg,1
23565eb.jpg,0
2366810.jpg,0
237043b.jpg,0
2376acb.jpg,0
2385676.jpg,0
239d169.jpg,1
239d976.jpg,1
23a1186.jpg,1
23a172f.jpg,0
23d1c12.jpg,1
23d2127.jpg,0
23d83df.jpg,0
23e204e.jpg,0
23f4ac4.jpg,1
24005a2.jpg,0
2404bd2.jpg,0
240adca.jpg,1
240afd4.jpg,0
2416f15.jpg,0
24188a2.jpg,0
2437176.jpg,0
244894a.jpg,1
244b174.jpg,1
24681ee.jpg,1
246839b.jpg,1
2469bfe.jpg,0
247f10c.jpg,0
2485e01.jpg,1
24869a0.jpg,0
24884e7.jpg,0
248b43c.jpg,0
24afc43.jpg,1
24c16bb.jpg,0
24cf654.jpg,0
24d10e1.jpg,0
24dd99c.jpg,1
24f8df3.jpg,0
2502390.jpg,0
252418d.jpg,1
25273cd.jpg,1
25323c9.jpg,0
2537d51.jpg,0
2541bb8.jpg,0
254331b.jpg,0
25459bd.jpg,0
25496aa.jpg,1
25500bf.jpg,0
255e997.jpg,1
2567ebe.jpg,1
25771e9.jpg,0
2581372.jpg,1
2583c5d.jpg,1
259371b.jpg,1
259b3f7.jpg,0
25a0b95.jpg,1
25b508f.jpg,1
25d1550.jpg,1
25d78ce.jpg,1
25f5f23.jpg,1
25fbe3c.jpg,0
2614862.jpg,0
2637d3b.jpg,0
263ab62.jpg,0
265e050.jpg,0
26692c1.jpg,0
2670dc1.jpg,0
26848ed.jpg,1
2688104.jpg,1
26890f8.jpg,1
2689ec9.jpg,1
268bc2d.jpg,0
269a0ef.jpg,0
26a1574.jpg,0
26a3145.jpg,1
26a68cf.jpg,0
26a8ea4.jpg,1
26ab36c.jpg,0
26b05a9.jpg,1
26b5ad8.jpg,1
26b5ee8.jpg,0
26bce92.jpg,1
26bd626.jpg,1
26ca2e3.jpg,0
26d342f.jpg,1
26eea75.jpg,1
27069e6.jpg,0
270dbf3.jpg,0
271a0a9.jpg,1
273b84c.jpg,0
274bdf4.jpg,0
274bec4.jpg,0
275478e.jpg,1
2762444.jpg,1
278825d.jpg,0
27c2271.jpg,1
27cf6d3.jpg,0
27fc552.jpg,0
28084ab.jpg,1
28086d0.jpg,0
28094b7.jpg,0
280fb45.jpg,0
2828b02.jpg,1
2843f3b.jpg,1
2844251.jpg,1
286af34.jpg,0
28741bc.jpg,1
2874418.jpg,1
2882cd5.jpg,0
288bf14.jpg,0
288dea7.jpg,1
289869f.jpg,1
28a7fc0.jpg,0
28ab992.jpg,1
28b5c9d.jpg,0
28c55ac.jpg,0
28cb3b3.jpg,1
28d63a7.jpg,1
28e1750.jpg,0
28e5d9b.jpg,1
28e90ae.jpg,0
28f3277.jpg,0
2908dda.jpg,0
291a778.jpg,1
292bb4e.jpg,0
295a844.jpg,0
296636d.jpg,0
296af3d.jpg,0
297a26e.jpg,1
297af75.jpg,0
29840ba.jpg,1
298676d.jpg,1
29a268d.jpg,1
29a5a5c.jpg,0
29d9683.jpg,0
29dfbc9.jpg,0
29eebca.jpg,0
29ef385.jpg,0
29f4c4d.jpg,1
29f7bea.jpg,1
29f92e0.jpg,1
2a3950b.jpg,0
2a4bfd3.jpg,1
2a4da73.jpg,1
2a5ea2e.jpg,1
2a716ef.jpg,0
2a77bb5.jpg,0
2a7aaee.jpg,0
2a95164.jpg,0
2a9a669.jpg,1
2aa5055.jpg,0
2abbce2.jpg,1
2abd464.jpg,1
2adf501.jpg,1
2ae6637.jpg,0
2aea5d8.jpg,0
2aeac67.jpg,1
2b014d5.jpg,1
2b03476.jpg,1
2b0cded.jpg,1
2b1173c.jpg,0
2b2c1f9.jpg,0
2b335f2.jpg,1
2b48c51.jpg,0
2b48c85.jpg,1
2b51f11.jpg,1
2b53ec3.jpg,1
2b74889.jpg,1
2b76910.jpg,0
2b78c19.jpg,1
2b7f6e9.jpg,0
2b9fe8b.jpg,0
2ba1557.jpg,1
2ba6090.jpg,1
2ba7c9c.jpg,1
2bac94b.jpg,1
2bb4c59.jpg,1
2bcc55e.jpg,1
2bccb00.jpg,0
2bd2f34.jpg,0
2bdfc09.jpg,1
2bed551.jpg,1
2bee378.jpg,0
2bf9137.jpg,0
2c03f30.jpg,0
2c078e9.jpg,0
2c119c5.jpg,0
2c2d56a.jpg,0
2c50a10.jpg,1
2c69237.jpg,0
2c6b0db.jpg,0
2c799cb.jpg,0
2c85439.jpg,0
2caa0fe.jpg,1
2caaa0c.jpg,1
2ccd5bc.jpg,0
2ce15d2.jpg,1
2cf739a.jpg,1
2cfb285.jpg,0
2d04c78.jpg,0
2d09e66.jpg,1
2d13b0e.jpg,0
2d2bd73.jpg,1
2d2c35f.jpg,0
2d4a01b.jpg,1
2d505dd.jpg,0
2d5b983.jpg,1
2d6b549.jpg,1
2d6d2f2.jpg,1
2d766fa.jpg,1
2d94a62.jpg,1
2d9d608.jpg,1
2d9da73.jpg,0
2dc2879.jpg,0
2dd98b1.jpg,0
2de004a.jpg,0
2e00025.jpg,1
2e08499.jpg,0
2e08a94.jpg,1
2e0da7c.jpg,0
2e13f1c.jpg,0
2e18624.jpg,1
2e2730c.jpg,0
2e2dcc0.jpg,0
2e324d9.jpg,1
2e39160.jpg,0
2e3ba6d.jpg,1
2e4f5ab.jpg,1
2e6188e.jpg,0
2e62e3b.jpg,0
2e68cd2.jpg,1
2e8af54.jpg,0
2e92dba.jpg,1
2e9995a.jpg,1
2ec6407.jpg,0
2ecd0ad.jpg,0
2ede37a.jpg,0
2ef4e3d.jpg,0
2f09216.jpg,1
2f0ab81.jpg,1
2f0f020.jpg,1
2f1f439.jpg,1
2f37e80.jpg,1
2f52d76.jpg,0
2f6a908.jpg,0
2f7339b.jpg,0
2f79ff9.jpg,1
2f7ae72.jpg,0
2f85c01.jpg,0
2f88878.jpg,0
2fa6af2.jpg,1
2fa722e.jpg,0
2fb3a58.jpg,0
2fc0ce1.jpg,0
2fca887.jpg,1
2fccd95.jpg,1
2fd6308.jpg,1
2fd9de0.jpg,1
2ff4aba.jpg,1
3012bed.jpg,0
301d8a5.jpg,1
301eb76.jpg,0
302ba31.jpg,0
302fdd0.jpg,0
3033ac9.jpg,0
3034080.jpg,1
303cbec.jpg,1
30475b5.jpg,0
305086e.jpg,0
305f17c.jpg,1
3076b4f.jpg,0
3078e1f.jpg,0
3087f1e.jpg,1
309fa70.jpg,1
30a242e.jpg,1
30a24c5.jpg,0
30ab329.jpg,1
30b1cf6.jpg,0
30bc47c.jpg,0
30c428d.jpg,0
30ca398.jpg,0
30cd5ce.jpg,0
30d1662.jpg,0
30d17a5.jpg,0
30d24dd.jpg,0
30e0c38.jpg,1
30e42d1.jpg,0
30e7d76.jpg,1
30f380c.jpg,0
30f3b3b.jpg,1
30fc15d.jpg,1
30fd8b9.jpg,0
30fe092.jpg,0
3117d1b.jpg,1
31226bb.jpg,0
3124a1e.jpg,0
3135080.jpg,0
3136207.jpg,0
314d8b6.jpg,1
315475d.jpg,0
3191139.jpg,1
319c0d9.jpg,0
31b8410.jpg,1
31b97f2.jpg,0
31c1874.jpg,1
31dd939.jpg,1
31e02b7.jpg,1
31e27bd.jpg,0
3220621.jpg,0
322ae35.jpg,0
32362f6.jpg,0
3246a16.jpg,0
324b73e.jpg,0
3257841.jpg,1
32583c0.jpg,1
325c4eb.jpg,0
326c95d.jpg,0
327e8d9.jpg,0
32983ad.jpg,0
329c25e.jpg,1
32af0bb.jpg,0
32b8e00.jpg,0
32b9342.jpg,0
32c7577.jpg,0
32d43c0.jpg,0
32e9f95.jpg,0
32f591b.jpg,0
332711f.jpg,0
332cb5c.jpg,1
3361513.jpg,1
336c1c1.jpg,1
338508c.jpg,1
33853a8.jpg,0
338b26d.jpg,1
33a5c0d.jpg,1
33accb4.jpg,0
33b39e2.jpg,1
33bb572.jpg,0
33bf913.jpg,0
33ccc99.jpg,0
33cdcc4.jpg,0
33d4a84.jpg,1
33d884c.jpg,1
33dcd86.jpg,1
33eba7a.jpg,1
33f60b7.jpg,0
34009a3.jpg,0
3437a8c.jpg,1
345e596.jpg,0
3462fbd.jpg,0
3465da2.jpg,0
34687a0.jpg,0
348a2da.jpg,0
34982aa.jpg,1
34acd35.jpg,0
34b7e48.jpg,0
34b854f.jpg,0
34ce664.jpg,1
34cfd98.jpg,1
34d2e05.jpg,0
34d6934.jpg,1
350272c.jpg,1
3509cbc.jpg,0
350f820.jpg,1
35250ae.jpg,0
35314d1.jpg,0
3549ebc.jpg,1
355039b.jpg,0
3551039.jpg,1
3555d3d.jpg,0
3555fe9.jpg,0
3564c5d.jpg,1
3568623.jpg,1
356ddab.jpg,0
357d9af.jpg,1
35825cc.jpg,1
358a9e4.jpg,0
3594a7e.jpg,1
3597a58.jpg,1
359b9af.jpg,1
35a74ce.jpg,0
35ae0be.jpg,0
35b7192.jpg,1
35b8c94.jpg,0
35c699a.jpg,1
35c9c03.jpg,0
35fd4c0.jpg,0
36011e9.jpg,0
36087c7.jpg,0
3614409.jpg,0
36198e2.jpg,1
361d0a3.jpg,0
361e863.jpg,0
3624c8b.jpg,1
362a128.jpg,0
363528a.jpg,1
3671c62.jpg,0
367ad03.jpg,0
367da7d.jpg,1
3685cdd.jpg,1
36a83e9.jpg,0
36b798f.jpg,0
36b7e83.jpg,1
36bc4ed.jpg,1
36e8fb4.jpg,1
36f5c03.jpg,0
36f78f9.jpg,1
36f9bee.jpg,1
36fa9a3.jpg,1
36ffc1a.jpg,1
371851d.jpg,1
371f356.jpg,1
37254b5.jpg,0
37266a4.jpg,1
372b2b3.jpg,1
3739ef1.jpg,0
375717a.jpg,0
3775509.jpg,1
37771a6.jpg,0
3783c7b.jpg,0
37b5e0c.jpg,1
37b9752.jpg,0
37ba270.jpg,0
37bb4cd.jpg,0
37d17f4.jpg,1
37d76b3.jpg,0
37d9a5d.jpg,1
37dd56d.jpg,1
37e8349.jpg,0
37ef008.jpg,0
37fed9d.jpg,1
3804b2b.jpg,0
382b474.jpg,1
382f877.jpg,0
383ab8f.jpg,1
384709a.jpg,1
384ea26.jpg,0
3851530.jpg,0
385672f.jpg,1
3865225.jpg,1
387337a.jpg,1
3874f5b.jpg,0
3878f46.jpg,0
387d7f3.jpg,0
3890c7d.jpg,0
389809e.jpg,1
38a73d1.jpg,1
38c2b14.jpg,1
38cbf8e.jpg,1
38d1dcb.jpg,0
38d6ca7.jpg,0
38d89be.jpg,0
38e2591.jpg,0
38e692d.jpg,0
38edef9.jpg,0
38f552f.jpg,1
38f892a.jpg,0
390a09e.jpg,1
392a36c.jpg,0
3956d94.jpg,0
3959204.jpg,1
39612fc.jpg,1
3967999.jpg,1
39762aa.jpg,1
397c2fd.jpg,0
398dc9e.jpg,1
399c46a.jpg,0
39a6998.jpg,1
39abb90.jpg,0
39b6264.jpg,0
39ba378.jpg,0
39c7521.jpg,1
39dda45.jpg,1
39e8a84.jpg,1
39ee70a.jpg,1
39f8e06.jpg,1
39fddf5.jpg,1
39fe502.jpg,0
3a1d51d.jpg,1
3a20a3b.jpg,1
3a22c45.jpg,1
3a3d9d8.jpg,0
3a65eb7.jpg,0
3a74f93.jpg,1
3a988a0.jpg,1
3aa3471.jpg,1
3aa45f7.jpg,1
3abe7e8.jpg,1
3ac4db8.jpg,1
3af498e.jpg,1
3af5485.jpg,0
3af6e4a.jpg,0
3b0f693.jpg,0
3b10564.jpg,1
3b11de9.jpg,0
3b14060.jpg,1
3b2d74d.jpg,0
3b2d874.jpg,0
3b3923a.jpg,0
3b41be4.jpg,0
3b47e9a.jpg,0
3b69197.jpg,0
3b6f2e1.jpg,0
3b714ef.jpg,1
3b75975.jpg,0
3b7e099.jpg,0
3b88744.jpg,0
3b9a092.jpg,0
3b9a844.jpg,0
3bae0b1.jpg,1
3bb7003.jpg,1
3bbc0d1.jpg,1
3be83a1.jpg,0
3bfce0d.jpg,1
3bfee71.jpg,0
3c050f0.jpg,0
3c1185d.jpg,0
3c1e099.jpg,0
3c389ff.jpg,1
3c46b98.jpg,0
3c47db3.jpg,1
3c4decc.jpg,1
3c510d6.jpg,0
3c590a8.jpg,1
3c61c1f.jpg,1
3c63115.jpg,0
3c63ab1.jpg,0
3c799da.jpg,0
3c7f423.jpg,0
3c8263e.jpg,0
3c8465e.jpg,0
3c890ca.jpg,1
3c89cc8.jpg,0
3c8e848.jpg,1
3c95e67.jpg,0
3c9838f.jpg,0
3c9865d.jpg,1
3ca1bee.jpg,1
3ca2be3.jpg,0
3cb2d9b.jpg,0
3cbd4df.jpg,0
3cc849a.jpg,1
3cfbc46.jpg,1
3d02a63.jpg,0
3d1556d.jpg,0
3d1a24a.jpg,0
3d2a383.jpg,0
3d2ca1b.jpg,1
3d43805.jpg,0
3d5a458.jpg,1
3d610ef.jpg,0
3d61ee4.jpg,0
3d64d9d.jpg,1
3d7677c.jpg,0
3d7696d.jpg,1
3d7bf44.jpg,0
3d8e2cf.jpg,0
3da3d60.jpg,1
3dac0d2.jpg,0
3db4d09.jpg,1
3dce50f.jpg,1
3dcfeab.jpg,0
3dd8e3d.jpg,0
3dd9bfd.jpg,0
3dddc2c.jpg,0
3de03db.jpg,1
3de098d.jpg,0
3deeff0.jpg,1
3def0c0.jpg,1
3dfef9a.jpg,0
3e088fa.jpg,0
3e08f86.jpg,1
3e16ccd.jpg,1
3e2a8e3.jpg,0
3e2dcff.jpg,1
3e3ae9b.jpg,0
3e3b5b1.jpg,0
3e4e22f.jpg,0
3e4e92c.jpg,1
3e52b3b.jpg,1
3e5339e.jpg,0
3e7850b.jpg,0
3e9b383.jpg,0
3e9b8c5.jpg,0
3ea2d38.jpg,0
3ea3d5e.jpg,0
3eab9d4.jpg,0
3eaf925.jpg,0
3ebfc74.jpg,0
3ee165b.jpg,1
3f2fad1.jpg,0
3f46c09.jpg,1
3f5fbb3.jpg,0
3f611b8.jpg,0
3f6cf7a.jpg,1
3f79584.jpg,1
3f85e5c.jpg,0
3f89ff9.jpg,0
3f9c4ad.jpg,0
3fa1966.jpg,1
3fa4f8d.jpg,1
3faf64c.jpg,0
3fb68e9.jpg,0
3fb8025.jpg,1
3fc1779.jpg,0
3fc6617.jpg,1
3fd1595.jpg,0
3fd3480.jpg,0
3fdaec5.jpg,0
3fdf202.jpg,0
3fe10c2.jpg,0
3ff8744.jpg,0
3ff99a9.jpg,0
4001f91.jpg,0
400a38d.jpg,0
400b812.jpg,1
40131e7.jpg,0
402d02d.jpg,0
4039e00.jpg,0
403a9b2.jpg,0
404ad93.jpg,0
404f2ae.jpg,1
406c843.jpg,1
4073eba.jpg,1
40761e8.jpg,0
407a3f3.jpg,0
4094446.jpg,1
40a27dc.jpg,1
40add1c.jpg,1
40b5ace.jpg,0
40b5dce.jpg,0
40b8854.jpg,0
40bb58a.jpg,1
40db224.jpg,1
40dd239.jpg,1
40e464a.jpg,1
40f4a1b.jpg,1
40fc046.jpg,1
4152ee5.jpg,1
416aa8a.jpg,0
416e7bb.jpg,1
416f1a5.jpg,1
4178912.jpg,1
418ba98.jpg,1
4193bb8.jpg,0
41a3361.jpg,1
41b671c.jpg,1
41cceec.jpg,1
41f7932.jpg,0
41f92e5.jpg,0
4203100.jpg,1
4206b9a.jpg,0
42106bf.jpg,1
4221331.jpg,0
422ec1e.jpg,1
423c22d.jpg,0
42467ad.jpg,0
424f7a3.jpg,1
425d22b.jpg,1
4261637.jpg,0
4268fe2.jpg,1
426ac1c.jpg,0
426b015.jpg,1
4274e30.jpg,1
42a3502.jpg,1
42a9f36.jpg,1
42ac1b7.jpg,0
42b00c0.jpg,1
42d7480.jpg,0
42dca86.jpg,0
42ddf88.jpg,0
42e99c6.jpg,0
42f2864.jpg,1
431803c.jpg,1
4323dbb.jpg,1
4327db3.jpg,0
433074c.jpg,0
4334b72.jpg,0
4352c3a.jpg,0
4354ae0.jpg,1
4367df3.jpg,1
437159e.jpg,0
437f858.jpg,0
4385e54.jpg,0
4389112.jpg,0
438bec7.jpg,1
43a1735.jpg,0
43b6491.jpg,0
43b71d8.jpg,0
43dda13.jpg,1
441f755.jpg,1
4440011.jpg,0
444ac39.jpg,0
446a3d6.jpg,1
447585b.jpg,0
4478b8d.jpg,1
447d504.jpg,1
447db03.jpg,0
4480aac.jpg,0
4484f5e.jpg,0
44894ca.jpg,0
448b41e.jpg,1
449b792.jpg,1
44a186f.jpg,0
44a4171.jpg,0
44b1eec.jpg,0
44bfdc0.jpg,1
44c2557.jpg,0
450aaf4.jpg,0
45371dc.jpg,0
4548bd4.jpg,1
454cd29.jpg,1
4552f36.jpg,0
45562a0.jpg,0
4577bed.jpg,1
457a37b.jpg,0
45855f6.jpg,1
459b9d2.jpg,0
459bd29.jpg,1
45bb292.jpg,0
45bb58b.jpg,1
45c6d32.jpg,0
45ce2d0.jpg,0
45d7668.jpg,0
45d84b0.jpg,0
45e4d83.jpg,0
45e7f6c.jpg,0
45e8b5e.jpg,1
45f1d24.jpg,0
45f4fa5.jpg,1
4609798.jpg,0
4610a05.jpg,0
4610b10.jpg,1
46186f8.jpg,1
4623c6c.jpg,0
46378b0.jpg,0
463f786.jpg,0
464b75c.jpg,0
464f09c.jpg,0
465aaa7.jpg,0
465e214.jpg,1
4669e71.jpg,0
4669f29.jpg,0
466d902.jpg,1
4670cff.jpg,1
46718d7.jpg,1
46770f4.jpg,1
469c7a3.jpg,0
469d204.jpg,0
46a0232.jpg,1
46acb82.jpg,1
46b1c49.jpg,0
46b9874.jpg,0
46c3465.jpg,1
46c4c72.jpg,1
46cf440.jpg,1
46d61a0.jpg,1
46d7e08.jpg,1
46ea5be.jpg,0
4701545.jpg,0
471bc46.jpg,1
4736d30.jpg,0
473ca3a.jpg,0
47433e7.jpg,0
474a043.jpg,0
474cd96.jpg,0
4750111.jpg,0
4752188.jpg,0
476b209.jpg,1
476f864.jpg,0
4783deb.jpg,0
478ff25.jpg,0
4795dc4.jpg,0
479d78e.jpg,0
47b2950.jpg,0
47b9999.jpg,1
47c100b.jpg,0
47cc648.jpg,0
47d2d6f.jpg,1
47d4dd3.jpg,0
47f9395.jpg,1
480aec6.jpg,1
4818bfb.jpg,0
4821d4f.jpg,0
484846a.jpg,0
48559bd.jpg,0
485aa55.jpg,0
485e7d4.jpg,0
486dd52.jpg,1
4871396.jpg,0
487511c.jpg,0
487a239.jpg,0
4882d33.jpg,1
488a481.jpg,0
48a3430.jpg,1
48c64fb.jpg,1
48c8c90.jpg,0
48c986a.jpg,0
48ced4d.jpg,0
48e3e08.jpg,1
48f2ea7.jpg,0
48f5078.jpg,1
48fce1f.jpg,1
491127b.jpg,0
4931345.jpg,1
493ad65.jpg,0
49451fb.jpg,0
4966632.jpg,1
4969440.jpg,0
49707ca.jpg,0
4976449.jpg,1
498dd40.jpg,1
49953b3.jpg,1
49aa7e8.jpg,1
49d1880.jpg,0
49d3729.jpg,1
49d78be.jpg,1
49ea7e1.jpg,0
4a0f769.jpg,1
4a188aa.jpg,1
4a1cd12.jpg,1
4a21799.jpg,0
4a21c97.jpg,1
4a4dd10.jpg,0
4a4f577.jpg,0
4a7b6e3.jpg,0
4a9317a.jpg,0
4aa465b.jpg,0
4aac315.jpg,0
4ac2abc.jpg,1
4ae6cea.jpg,0
4aeabae.jpg,1
4af1130.jpg,1
4b0d7f2.jpg,0
4b26cef.jpg,0
4b356af.jpg,1
4b46ad5.jpg,0
4b67f58.jpg,0
4b68bb9.jpg,0
4b7e713.jpg,1
4b8a262.jpg,1
4b8bfed.jpg,0
4b90125.jpg,0
4b93579.jpg,0
4b9d085.jpg,0
4ba989e.jpg,1
4bb134a.jpg,1
4bb3ab8.jpg,1
4bc83a5.jpg,0
4bd9acc.jpg,1
4be905a.jpg,1
4c11129.jpg,0
4c45ed1.jpg,1
4c478af.jpg,0
4c60d33.jpg,0
4c6e508.jpg,0
4c6e9e9.jpg,0
4c71c0f.jpg,0
4c7f6ae.jpg,0
4c82d50.jpg,0
4c937c9.jpg,0
4c981c4.jpg,0
4cad539.jpg,0
4cadf84.jpg,0
4cb22d8.jpg,0
4cb3e53.jpg,1
4cb56f7.jpg,1
4cb5baf.jpg,1
4cb97bf.jpg,0
4cbef7f.jpg,0
4cce343.jpg,0
4cd1196.jpg,0
4cdb06e.jpg,0
4ce7229.jpg,0
4cead07.jpg,1
4d07564.jpg,1
4d095cb.jpg,0
4d17338.jpg,0
4d19d32.jpg,0
4d1e3ee.jpg,0
4d1efc1.jpg,1
4d2313e.jpg,0
4d2468a.jpg,0
4d256f4.jpg,0
4d257e6.jpg,1
4d453ca.jpg,1
4d4a1ee.jpg,0
4d5151a.jpg,0
4d60b60.jpg,1
4d68e00.jpg,0
4d7ab3d.jpg,1
4d7bcd8.jpg,1
4d85dfd.jpg,0
4d8f632.jpg,1
4da9b87.jpg,1
4db8f29.jpg,0
4dbaadb.jpg,0
4dc7608.jpg,1
4dce836.jpg,0
4dd81bc.jpg,1
4ddc6ce.jpg,1
4de1b3c.jpg,1
4de79f9.jpg,1
4df63d1.jpg,0
4df802c.jpg,0
4df8322.jpg,1
4e07d40.jpg,1
4e07daf.jpg,0
4e16d1a.jpg,1
4e1edec.jpg,0
4e20128.jpg,1
4e2044f.jpg,1
4e20a6f.jpg,1
4e20f40.jpg,0
4e29ef1.jpg,1
4e34bd3.jpg,1
4e3db77.jpg,0
4e426e5.jpg,0
4e5b275.jpg,1
4e60552.jpg,0
4e619e0.jpg,1
4e6296d.jpg,0
4e7efa6.jpg,0
4e80c08.jpg,0
4e8a0ad.jpg,0
4e96caa.jpg,0
4ea4fa7.jpg,0
4ea746a.jpg,1
4eb9e3a.jpg,0
4ebca69.jpg,0
4ee47a5.jpg,1
4ef3b9a.jpg,0
4efb7c0.jpg,1
4f07931.jpg,1
4f1c86a.jpg,0
4f287ed.jpg,1
4f29765.jpg,0
4f3407b.jpg,0
4f3473e.jpg,0
4f39b0e.jpg,0
4f4b396.jpg,1
4f5ca1a.jpg,1
4f61885.jpg,0
4f6567a.jpg,1
4f78f90.jpg,0
4f8089c.jpg,0
4f85cca.jpg,0
4f98285.jpg,1
4f98f81.jpg,0
4f997d8.jpg,0
4f9e5ec.jpg,0
4fa9d86.jpg,1
4fb6394.jpg,1
4fed565.jpg,0
5000f4e.jpg,1
50040ce.jpg,0
5031aa2.jpg,1
5032081.jpg,0
5033c51.jpg,0
5036cdd.jpg,1
5044afe.jpg,0
505da91.jpg,1
505fe43.jpg,0
5062ed7.jpg,0
5065bfb.jpg,0
506e9d9.jpg,0
5085129.jpg,1
508bb22.jpg,0
508ff38.jpg,1
5092ba5.jpg,0
5096e2f.jpg,1
50a3d6b.jpg,0
50a4d24.jpg,1
50a7f92.jpg,1
50b4510.jpg,0
50b4c93.jpg,1
50c34af.jpg,0
50cc177.jpg,0
50d3f97.jpg,1
50d9af8.jpg,1
50dd668.jpg,0
50de31c.jpg,1
50eb230.jpg,1
50ebf1b.jpg,1
50f3cf9.jpg,1
510f68f.jpg,1
5114704.jpg,0
51188da.jpg,0
5122a3d.jpg,0
51273ca.jpg,1
5127b0e.jpg,1
512f9ae.jpg,1
51651bd.jpg,1
5170f9a.jpg,0
517e646.jpg,1
5185dc3.jpg,0
518a110.jpg,1
518a511.jpg,0
518e821.jpg,0
519820d.jpg,0
519af6c.jpg,1
51c3adf.jpg,1
51d19b4.jpg,0
51d5c06.jpg,1
51e2f17.jpg,0
5200db6.jpg,0
522d734.jpg,0
523527f.jpg,1
523a7eb.jpg,0
524d262.jpg,1
5265e81.jpg,0
526a00a.jpg,1
526b1b6.jpg,1
52708dc.jpg,0
5272301.jpg,1
5275b51.jpg,1
527cd5a.jpg,1
5283dcf.jpg,0
5291a8b.jpg,0
52c6c7c.jpg,0
52df6e7.jpg,1
5303d92.jpg,0
5304b8c.jpg,0
530bba4.jpg,1
531ce32.jpg,1
5323f91.jpg,0
533d05b.jpg,0
5359209.jpg,1
535e20f.jpg,0
5363d14.jpg,1
5379a9b.jpg,1
537fa5b.jpg,0
5387d7a.jpg,1
538eb3e.jpg,0
5396cd5.jpg,0
539f578.jpg,0
539f81d.jpg,1
539fabf.jpg,1
53a34b5.jpg,1
53ac6f2.jpg,1
53beafa.jpg,0
53c625a.jpg,0
53cfb45.jpg,1
53d7db0.jpg,1
53d9252.jpg,1
53dc7ef.jpg,1
53ec2b9.jpg,0
5401a47.jpg,1
540e758.jpg,0
540fde7.jpg,0
541833b.jpg,0
541dabf.jpg,1
542837e.jpg,1
54488de.jpg,0
545347e.jpg,1
54549d3.jpg,0
5454e61.jpg,0
5461c16.jpg,1
547a232.jpg,1
547ad87.jpg,1
5481727.jpg,1
5488e4d.jpg,0
548b7fa.jpg,0
548cb15.jpg,0
5492bb6.jpg,0
5497a47.jpg,0
5499691.jpg,0
54e7e65.jpg,0
54f3687.jpg,1
54f545a.jpg,0
550b4b2.jpg,0
550fbec.jpg,1
551efa2.jpg,0
5526689.jpg,1
5526965.jpg,1
5530c6e.jpg,0
554a149.jpg,1
5565977.jpg,1
5568762.jpg,0
556c8a9.jpg,1
556e494.jpg,1
5571156.jpg,0
5574b00.jpg,1
559f7e9.jpg,0
55a90df.jpg,1
55a9951.jpg,0
55b0e2f.jpg,0
55b539f.jpg,1
55b66ef.jpg,1
55b96f1.jpg,1
55c5cc8.jpg,0
55c7b6a.jpg,0
55ddc31.jpg,1
5602640.jpg,0
5607f7b.jpg,0
560dedf.jpg,0
5615b7f.jpg,0
56189fc.jpg,0
5620088.jpg,0
562e2d8.jpg,1
562f80a.jpg,1
5634f67.jpg,1
5639fa6.jpg,1
563d734.jpg,1
563fc48.jpg,1
56509f6.jpg,0
565ef0f.jpg,0
56609dc.jpg,0
5672ac4.jpg,0
5674ed7.jpg,1
56768d6.jpg,0
567d89b.jpg,0
5683db4.jpg,0
5693edc.jpg,0
56b41f4.jpg,0
56d6113.jpg,0
56e29f4.jpg,0
57039d6.jpg,1
5716443.jpg,1
5717e63.jpg,0
5726c26.jpg,0
572e751.jpg,0
573cb27.jpg,1
573e737.jpg,0
57559fb.jpg,1
5757384.jpg,1
57612d3.jpg,0
576d516.jpg,0
577ae67.jpg,0
5796eb0.jpg,0
5797732.jpg,0
579aa7d.jpg,1
57aeea8.jpg,1
57b348e.jpg,1
57b7189.jpg,0
57b92ae.jpg,0
57cad1e.jpg,1
57d6473.jpg,0
57f4f80.jpg,0
580ced2.jpg,1
581337f.jpg,1
5818d5c.jpg,0
5826d49.jpg,1
582a2f9.jpg,0
582be7d.jpg,0
58400f4.jpg,0
5842bbc.jpg,1
585be3c.jpg,0
585ef3f.jpg,1
5861aba.jpg,0
586b980.jpg,1
587168a.jpg,0
589c00e.jpg,0
589e066.jpg,0
58b193a.jpg,0
58b6bd0.jpg,0
58b894f.jpg,0
58b8f5f.jpg,0
58baf3f.jpg,0
58cafad.jpg,0
58dbb8e.jpg,0
58eeb5a.jpg,0
59121a5.jpg,0
5919293.jpg,1
591d376.jpg,0
59257f8.jpg,1
592a80e.jpg,0
593e9c3.jpg,0
5959d43.jpg,0
595dc06.jpg,1
596ffd4.jpg,1
5973bf6.jpg,0
5977273.jpg,0
5982ca9.jpg,0
5988f45.jpg,0
59a9f6a.jpg,0
59b8208.jpg,1
59c59c9.jpg,1
59c8593.jpg,0
59e4a3a.jpg,0
59e4fb8.jpg,0
59ee98c.jpg,1
59ef2ad.jpg,1
59f27ca.jpg,0
59f6a74.jpg,0
59fa976.jpg,0
59faffb.jpg,1
5a0bfdb.jpg,0
5a17ad4.jpg,1
5a18d32.jpg,0
5a2351f.jpg,0
5a273b7.jpg,0
5a39592.jpg,1
5a40440.jpg,0
5a4a165.jpg,0
5a4cb07.jpg,0
5a59da4.jpg,1
5a7110e.jpg,1
5a848ca.jpg,0
5a89bdd.jpg,1
5a90874.jpg,0
5aa2410.jpg,0
5aa9d5c.jpg,1
5aa9ef7.jpg,0
5abb7ba.jpg,0
5ada6a5.jpg,0
5adab04.jpg,1
5ade33e.jpg,0
5ae6f6b.jpg,0
5ae83b1.jpg,0
5af5fb5.jpg,0
5b1ad73.jpg,1
5b291dc.jpg,1
5b3a75a.jpg,1
5b4aeb9.jpg,0
5b4b7a9.jpg,1
5b5a329.jpg,1
5b5b88f.jpg,1
5b6548c.jpg,1
5b7030e.jpg,0
5b8ad7b.jpg,0
5b8b392.jpg,1
5b8cb34.jpg,0
5bb1404.jpg,1
5bb4da0.jpg,0
5bbdf39.jpg,0
5bc3657.jpg,0
5bd2b4f.jpg,0
5bdfde0.jpg,0
5be3705.jpg,1
5bfaa5d.jpg,1
5bfcce8.jpg,0
5bfd47b.jpg,1
5c07f2e.jpg,1
5c0bffd.jpg,0
5c1c0b4.jpg,1
5c1ef4a.jpg,1
5c1fc68.jpg,0
5c222e1.jpg,0
5c350a4.jpg,1
5c3b6b2.jpg,0
5c3ec3b.jpg,0
5c47151.jpg,0
5c586b3.jpg,0
5c62413.jpg,1
5c6a07a.jpg,1
5c6d3e7.jpg,0
5c92503.jpg,1
5c9625b.jpg,1
5ca94d8.jpg,0
5caec32.jpg,0
5cb12d5.jpg,0
5cb17db.jpg,0
5cb88d5.jpg,0
5cbba6c.jpg,1
5cd690b.jpg,0
5ce2db4.jpg,0
5ce4a12.jpg,1
5cf2727.jpg,0
5cf4451.jpg,0
5d1457f.jpg,1
5d1519c.jpg,0
5d15595.jpg,1
5d16392.jpg,0
5d27b80.jpg,0
5d3b861.jpg,1
5d4610c.jpg,1
5d5df5d.jpg,0
5d95a4f.jpg,0
5d97310.jpg,0
5daea80.jpg,0
5db36c7.jpg,0
5db9acd.jpg,1
5ddc6fb.jpg,1
5de46ee.jpg,1
5ded2d5.jpg,1
5e18f10.jpg,0
5e221da.jpg,1
5e2e9fe.jpg,1
5e502b0.jpg,1
5e50e7d.jpg,1
5e6862b.jpg,0
5e70931.jpg,0
5e70a5b.jpg,0
5e8c429.jpg,1
5e8cc57.jpg,0
5e91be2.jpg,0
5e94ac3.jpg,0
5ea747e.jpg,0
5ea862d.jpg,1
5eb72aa.jpg,1
5eb8563.jpg,0
5ebaa92.jpg,1
5eca271.jpg,0
5ee638b.jpg,0
5ee76bb.jpg,1
5eef1a6.jpg,1
5ef0528.jpg,1
5ef9368.jpg,0
5efca5a.jpg,0
5f00373.jpg,0
5f03236.jpg,1
5f0f098.jpg,1
5f2bb79.jpg,0
5f37f67.jpg,0
5f3a504.jpg,1
5f3c83d.jpg,1
5f58f6d.jpg,1
5f6dee0.jpg,1
5f6f168.jpg,0
5f767dc.jpg,0
5f797ad.jpg,1
5f89bdd.jpg,0
5f90e8b.jpg,0
5f944a6.jpg,1
5fa1cda.jpg,0
5fb1a06.jpg,0
5fbed06.jpg,1
5fc6df9.jpg,0
5fc72bd.jpg,0
5fdc633.jpg,1
5fe9d01.jpg,1
5ff8aa7.jpg,0
6003371.jpg,0
60090dd.jpg,0
601eb93.jpg,0
602a847.jpg,0
60300f3.jpg,1
6055c4e.jpg,0
6071360.jpg,0
607635f.jpg,1
607fab3.jpg,1
608f17c.jpg,0
609f727.jpg,0
60aa201.jpg,1
60b45bc.jpg,0
60b6d2c.jpg,0
60bac00.jpg,0
60bcb45.jpg,0
60d58bc.jpg,1
60d8612.jpg,1
60de9d5.jpg,1
60e0830.jpg,0
60e5e19.jpg,1
60f02b9.jpg,1
60f3688.jpg,1
60f9b85.jpg,0
60fa88d.jpg,0
611e030.jpg,0
61231a7.jpg,0
61259d9.jpg,0
612b886.jpg,0
6131b26.jpg,0
614dd14.jpg,0
6150007.jpg,0
6158df3.jpg,0
616ae44.jpg,0
617deb8.jpg,1
619232f.jpg,1
61a938e.jpg,1
61aa154.jpg,1
61aa811.jpg,1
61aa8dc.jpg,1
61c707f.jpg,0
61d5e94.jpg,0
61d6640.jpg,0
61df166.jpg,0
61e6917.jpg,1
61edbbb.jpg,1
62232d8.jpg,0
622e689.jpg,1
624f5eb.jpg,0
6255e8f.jpg,1
6259d71.jpg,1
6268ffd.jpg,1
6269236.jpg,0
62770f1.jpg,1
629b099.jpg,1
62a0b76.jpg,0
62a9c2a.jpg,1
62b0b9d.jpg,0
62b835b.jpg,0
62bc4c0.jpg,1
62c2891.jpg,0
62c4400.jpg,1
62c65a9.jpg,0
62c8919.jpg,0
62e476b.jpg,0
63056f2.jpg,0
6313558.jpg,0
631d0b1.jpg,0
632025e.jpg,1
6329877.jpg,0
632ab33.jpg,1
63374ce.jpg,0
6338b11.jpg,0
633fdf8.jpg,0
635c7fb.jpg,0
63881b2.jpg,1
638a4e0.jpg,0
6399486.jpg,1
639f419.jpg,0
63a7fdd.jpg,1
63ad014.jpg,0
63b45f9.jpg,1
63ca326.jpg,1
63cdf82.jpg,1
63d5d7f.jpg,0
63e8002.jpg,0
63e8210.jpg,0
63eb480.jpg,0
63efbae.jpg,1
63fb300.jpg,1
640441a.jpg,0
6404507.jpg,1
645fbee.jpg,0
646b61e.jpg,0
647ee60.jpg,0
6488435.jpg,0
6492903.jpg,0
649aecc.jpg,0
649fbd7.jpg,0
649fef1.jpg,1
64ab7ee.jpg,0
64b3790.jpg,1
64e399d.jpg,0
64f2d80.jpg,1
64f38b5.jpg,0
64fa9fe.jpg,0
65144b5.jpg,1
6521d76.jpg,1
6522d46.jpg,1
652313c.jpg,1
652454c.jpg,0
653008c.jpg,0
6550e47.jpg,0
6559163.jpg,0
6566b6a.jpg,1
656b784.jpg,1
657399d.jpg,1
657da26.jpg,1
659c0e7.jpg,0
65b6bf1.jpg,1
65bd57f.jpg,0
65c7db7.jpg,0
65c8f29.jpg,0
65d0637.jpg,1
65d4ea5.jpg,1
65d517a.jpg,0
65e3251.jpg,0
65e4b8e.jpg,0
660321e.jpg,1
660f86e.jpg,0
662dd79.jpg,0
66366e7.jpg,1
663b9cd.jpg,0
663f53b.jpg,1
664941d.jpg,1
6651d1c.jpg,0
6656b8f.jpg,1
665bad4.jpg,1
665e444.jpg,1
667adca.jpg,1
667f9a9.jpg,0
6690e5e.jpg,0
669e93d.jpg,0
669f323.jpg,0
66a0efd.jpg,0
66a31c3.jpg,1
66aad93.jpg,0
66cc984.jpg,1
66cda54.jpg,0
66ee690.jpg,0
66f5dfc.jpg,0
66f6125.jpg,0
67080af.jpg,0
6708d0b.jpg,0
6720d34.jpg,0
67234f5.jpg,0
6723a7d.jpg,0
672fd54.jpg,0
674501d.jpg,0
676806e.jpg,0
677cf18.jpg,0
679c9d7.jpg,0
679d921.jpg,1
67a9524.jpg,0
67b0578.jpg,1
67b06b1.jpg,1
67caadb.jpg,0
67d9bb8.jpg,0
67e8608.jpg,1
67eb9ec.jpg,1
67fb7e1.jpg,0
6815a8b.jpg,1
6825dbb.jpg,0
68338c0.jpg,0
68373b5.jpg,0
6839f68.jpg,0
683f89d.jpg,0
6851470.jpg,1
68562e6.jpg,0
685cb03.jpg,0
6862308.jpg,0
686a7c9.jpg,1
6874630.jpg,1
688630d.jpg,0
688fef5.jpg,0
6892a7a.jpg,0
6892fa7.jpg,1
68a56d8.jpg,1
68a7396.jpg,1
68abfde.jpg,0
68afd03.jpg,1
68b0f6e.jpg,0
68c8926.jpg,1
68da8d1.jpg,0
6906aa0.jpg,1
69141aa.jpg,1
6915f6d.jpg,0
692d0a4.jpg,0
692fc30.jpg,1
6947f73.jpg,0
6949408.jpg,0
6954376.jpg,0
69586f7.jpg,0
695e0ee.jpg,1
695ee81.jpg,0
6969ee1.jpg,1
696f604.jpg,0
69787a6.jpg,0
697eb53.jpg,0
6980b99.jpg,0
698b935.jpg,0
698e8b9.jpg,1
69ae1cb.jpg,0
69c284b.jpg,1
69c3d5d.jpg,0
69e0742.jpg,0
69e0a69.jpg,0
69ebcb7.jpg,0
69fb363.jpg,0
6a01e51.jpg,1
6a02287.jpg,0
6a03cd9.jpg,1
6a078b1.jpg,0
6a0ec46.jpg,0
6a1083a.jpg,0
6a195ee.jpg,1
6a19794.jpg,0
6a1e432.jpg,1
6a50dbf.jpg,1
6a52620.jpg,0
6a527fb.jpg,1
6a6b274.jpg,1
6a9050d.jpg,1
6a9145a.jpg,0
6a98dda.jpg,1
6aa11d4.jpg,0
6aa2698.jpg,0
6abc07f.jpg,0
6abd5e8.jpg,0
6abfdd7.jpg,1
6ac28c1.jpg,0
6ad44cb.jpg,1
6ad461f.jpg,1
6af0a31.jpg,0
6b05dcf.jpg,0
6b1ba9e.jpg,0
6b25d02.jpg,0
6b272fe.jpg,1
6b5e931.jpg,1
6b6426f.jpg,0
6b84cd2.jpg,1
6b88e8c.jpg,0
6b9ad76.jpg,1
6bb17a5.jpg,0
6bbc505.jpg,0
6bbe5f1.jpg,0
6bd6c02.jpg,1
6be66c4.jpg,0
6be6b8c.jpg,0
6c01e7d.jpg,0
6c0a0d1.jpg,1
6c0deed.jpg,0
6c0f092.jpg,0
6c1ab42.jpg,0
6c25296.jpg,0
6c2bd59.jpg,1
6c31117.jpg,0
6c3b7d7.jpg,0
6c40a44.jpg,1
6c42e31.jpg,0
6c4e78f.jpg,0
6c51508.jpg,1
6c584c5.jpg,0
6c66216.jpg,0
6c6675c.jpg,1
6c6aa7f.jpg,0
6c7316f.jpg,0
6c743e3.jpg,0
6c7d590.jpg,1
6c948cf.jpg,0
6c989fb.jpg,0
6c9b151.jpg,1
6ca21b9.jpg,0
6ca5e65.jpg,1
6cabde6.jpg,0
6cb455f.jpg,0
6cc1845.jpg,1
6cd4036.jpg,1
6ce2c50.jpg,1
6ce5f9b.jpg,0
6d02a67.jpg,0
6d0aa4a.jpg,1
6d0d788.jpg,1
6d1289b.jpg,1
6d1f44e.jpg,0
6d24fe8.jpg,0
6d25618.jpg,0
6d304c8.jpg,0
6d333f7.jpg,1
6d42ca7.jpg,0
6d531b1.jpg,0
6d565e2.jpg,0
6d6a699.jpg,1
6d718bb.jpg,0
6d730a1.jpg,0
6d7b2ff.jpg,1
6d8ed1b.jpg,1
6d91d1e.jpg,0
6d9de9e.jpg,0
6da236c.jpg,0
6db9d86.jpg,0
6dc8457.jpg,1
6dccb65.jpg,0
6dd2770.jpg,1
6dd8e81.jpg,1
6dde2ac.jpg,0
6ded410.jpg,1
6e00609.jpg,0
6e00753.jpg,0
6e02600.jpg,0
6e0858d.jpg,0
6e123f8.jpg,1
6e1e7cb.jpg,0
6e20484.jpg,0
6e24c3d.jpg,1
6e3f40f.jpg,0
6e40f6b.jpg,0
6e54f74.jpg,0
6e54fd9.jpg,0
6e67de5.jpg,0
6e698d4.jpg,1
6e7d4d9.jpg,0
6e8b086.jpg,0
6e95401.jpg,0
6ea4ca9.jpg,1
6ec6acc.jpg,1
6ecce99.jpg,0
6ed0d46.jpg,0
6ee8ff5.jpg,1
6eea687.jpg,1
6ef11b2.jpg,1
6ef78d5.jpg,1
6ef9413.jpg,0
6ef9967.jpg,1
6efcbd4.jpg,1
6f10432.jpg,1
6f4ee7d.jpg,0
6f58a4b.jpg,0
6f62fda.jpg,0
6f6c8b5.jpg,0
6f6d401.jpg,0
6f7cd5b.jpg,0
6f96f34.jpg,0
6f99f5e.jpg,1
6fab2fb.jpg,1
6fb108e.jpg,0
6fb7bdf.jpg,1
6fbb8c4.jpg,0
6fcfd1a.jpg,0
6fd86cd.jpg,0
6fdf666.jpg,0
6ffe24a.jpg,0
7008360.jpg,0
70127f0.jpg,1
701748e.jpg,1
702c31d.jpg,1
70448b3.jpg,1
704a8ae.jpg,1
70620f9.jpg,1
70a25c8.jpg,1
70ad50e.jpg,0
70b72ea.jpg,1
70cba5c.jpg,1
70d9c0b.jpg,0
7100409.jpg,1
7103da5.jpg,0
7117d86.jpg,0
7133a51.jpg,1
713944a.jpg,0
713b3d9.jpg,1
715fcbf.jpg,0
7186240.jpg,0
71a09cd.jpg,0
71a344e.jpg,0
71a638a.jpg,0
71b8e92.jpg,0
71c4209.jpg,0
71d3832.jpg,0
71ecd2d.jpg,0
71eeb4c.jpg,1
71f0e8a.jpg,0
71faa43.jpg,1
7202a32.jpg,0
7208c47.jpg,1
7211ab3.jpg,0
7212bd8.jpg,0
7219569.jpg,0
7221c90.jpg,0
7223a21.jpg,1
7229f89.jpg,1
723bab2.jpg,1
723bc2e.jpg,0
7250b61.jpg,1
72517e8.jpg,1
725f986.jpg,1
7273621.jpg,0
727fbe5.jpg,0
729e50e.jpg,0
72b19fa.jpg,1
72bd5ea.jpg,0
72c0d05.jpg,1
72d17be.jpg,1
72d507b.jpg,1
72d98da.jpg,0
72da928.jpg,1
72dbc06.jpg,1
72dc9ba.jpg,0
72dd6be.jpg,1
72e4b6e.jpg,0
72e91f1.jpg,1
731c297.jpg,1
731d88b.jpg,1
734305a.jpg,1
7349e37.jpg,1
7360c51.jpg,0
7367bee.jpg,0
739bbac.jpg,0
73ad4aa.jpg,1
73ba950.jpg,0
73bc1f8.jpg,0
73c24cd.jpg,0
73c603c.jpg,1
73cb4e9.jpg,0
73ce86d.jpg,0
73e3a4b.jpg,0
73f91d5.jpg,1
7405a00.jpg,1
741bddb.jpg,0
741dcf3.jpg,0
745efda.jpg,1
7461cc6.jpg,1
746443b.jpg,0
74687e7.jpg,1
746a3d6.jpg,1
74707f2.jpg,0
74721a5.jpg,0
7473a71.jpg,0
74808ec.jpg,1
7490846.jpg,0
7491717.jpg,0
74978c1.jpg,0
74a109d.jpg,1
74a7a23.jpg,1
74aa0c5.jpg,0
74ade11.jpg,1
74c0aa4.jpg,0
74c2b84.jpg,0
74d06fc.jpg,0
74d4436.jpg,1
74ddc6c.jpg,0
74e0fcd.jpg,0
74e1590.jpg,1
74e54a5.jpg,0
74f442e.jpg,1
74faa9f.jpg,1
750564b.jpg,0
75067e8.jpg,0
7524c47.jpg,1
752f0f8.jpg,0
7530397.jpg,0
7540047.jpg,1
7543a95.jpg,1
754b98c.jpg,1
755522e.jpg,0
7555f54.jpg,0
755b171.jpg,1
7563e83.jpg,0
7581a79.jpg,1
7589ed0.jpg,1
758b2bf.jpg,0
758f4aa.jpg,1
759d041.jpg,0
759e541.jpg,0
75a1709.jpg,1
75ac11e.jpg,0
75b2c2c.jpg,1
75b722a.jpg,1
75ccf10.jpg,0
75dbd0d.jpg,0
75ecf55.jpg,0
75f6cbe.jpg,0
75f7469.jpg,1
75fe9de.jpg,1
7604cc5.jpg,0
760c67e.jpg,0
760c8db.jpg,0
7610dd9.jpg,0
7612145.jpg,1
76221c7.jpg,1
7639280.jpg,1
763a14d.jpg,1
7647926.jpg,0
76596d4.jpg,1
766616a.jpg,1
76807a8.jpg,1
768664b.jpg,0
76a65f6.jpg,0
76ada9f.jpg,1
76ee28f.jpg,0
76f7565.jpg,1
7707c7e.jpg,0
770f98b.jpg,1
77284a9.jpg,0
772c783.jpg,1
7734e2a.jpg,0
773dbfd.jpg,1
7741fe0.jpg,0
77490dc.jpg,0
775038d.jpg,0
777cef3.jpg,1
778788d.jpg,0
778aafc.jpg,0
778e746.jpg,0
77977fc.jpg,1
7798a96.jpg,1
77b71cd.jpg,0
77c8016.jpg,0
77c83d8.jpg,0
77d4125.jpg,0
77d4d8b.jpg,0
77e4e81.jpg,0
77e9ab3.jpg,0
77fc831.jpg,0
7807699.jpg,0
780cd58.jpg,0
7823641.jpg,0
783ad08.jpg,1
7844c28.jpg,1
784b06a.jpg,0
7856dd3.jpg,0
786c751.jpg,0
7876198.jpg,1
787ac53.jpg,1
78837fc.jpg,1
78997c9.jpg,0
78a2d53.jpg,1
78a86a9.jpg,1
78b21c2.jpg,1
78b51ec.jpg,1
78d9427.jpg,0
790f83a.jpg,0
79186a5.jpg,0
79208b2.jpg,0
794c73a.jpg,1
7957571.jpg,0
795b4a3.jpg,0
79648fa.jpg,0
796abf0.jpg,0
796d73b.jpg,0
79722b5.jpg,1
799443a.jpg,0
7997772.jpg,1
799c3a4.jpg,1
79caf43.jpg,1
79d0279.jpg,1
79d7882.jpg,1
79e08a1.jpg,0
79e4563.jpg,1
7a00976.jpg,0
7a00b78.jpg,0
7a015a1.jpg,0
7a1fba7.jpg,1
7a24878.jpg,0
7a37258.jpg,0
7a51b94.jpg,0
7a5df0b.jpg,1
7a6616a.jpg,1
7a6c3be.jpg,1
7a6ef12.jpg,1
7aaeb0b.jpg,1
7abb62f.jpg,0
7abed17.jpg,1
7abf5fc.jpg,1
7ac90a8.jpg,1
7ace623.jpg,1
7adf177.jpg,0
7ae92cb.jpg,0
7ae9659.jpg,1
7aef1ad.jpg,1
7af7abc.jpg,1
7b1e302.jpg,0
7b282d6.jpg,1
7b28891.jpg,1
7b31473.jpg,1
7b31be5.jpg,0
7b396e6.jpg,1
7b39cde.jpg,0
7b3cf49.jpg,1
7b473c4.jpg,0
7b551d6.jpg,1
7b59752.jpg,1
7b65d2e.jpg,0
7b65d41.jpg,0
7b7042d.jpg,0
7b7d5ef.jpg,0
7b7ed62.jpg,1
7b98486.jpg,1
7b9ae8c.jpg,0
7badec2.jpg,0
7baef0c.jpg,1
7bb7dc5.jpg,0
7bb9f38.jpg,0
7bbb7c6.jpg,0
7bd90b9.jpg,0
7bdba6f.jpg,0
7bdcd44.jpg,0
7bdf582.jpg,0
7beb99d.jpg,1
7bfbcac.jpg,1
7bff91d.jpg,1
7c16824.jpg,0
7c17a4a.jpg,1
7c297e3.jpg,1
7c3a679.jpg,0
7c4ab7b.jpg,1
7c5e584.jpg,0
7c6474b.jpg,1
7c730b5.jpg,0
7c7f158.jpg,1
7c8438b.jpg,1
7c8e4c5.jpg,0
7c90935.jpg,0
7c995c2.jpg,0
7c9fed9.jpg,0
7ca1d0b.jpg,0
7ca7d72.jpg,0
7cb4d67.jpg,1
7cbc0f3.jpg,0
7cbcee6.jpg,1
7cc4424.jpg,0
7cd7991.jpg,1
7ce7f10.jpg,1
7cfbbcc.jpg,1
7d07b03.jpg,1
7d07b86.jpg,0
7d0c353.jpg,0
7d0f510.jpg,0
7d126e6.jpg,0
7d40df3.jpg,0
7d47a0b.jpg,0
7d570e1.jpg,1
7d59c88.jpg,0
7d5a6cd.jpg,1
7d72570.jpg,1
7d981c5.jpg,0
7da0944.jpg,1
7da3d83.jpg,1
7dbd81f.jpg,0
7dc01d0.jpg,1
7dc09d7.jpg,1
7dc2ba8.jpg,0
7dcff34.jpg,0
7de7314.jpg,1
7e0d818.jpg,1
7e27cd8.jpg,1
7e325e2.jpg,0
7e34585.jpg,1
7e44579.jpg,0
7e45566.jpg,0
7e4ba31.jpg,1
7e52c6f.jpg,1
7e58dc9.jpg,1
7e6e850.jpg,0
7e76005.jpg,0
7e820d6.jpg,1
7e93c95.jpg,0
7e9c74a.jpg,0
7ecafca.jpg,0
7ef2a7c.jpg,0
7ef40fc.jpg,0
7efc7ea.jpg,0
7f04e28.jpg,0
7f0c351.jpg,1
7f28d84.jpg,0
7f2f418.jpg,1
7f3be11.jpg,0
7f3e8a1.jpg,1
7f42f6d.jpg,1
7f44f7f.jpg,0
7f57a21.jpg,0
7f697c6.jpg,1
7f8b999.jpg,1
7f9c8a2.jpg,0
7fa5eba.jpg,1
7fb53c9.jpg,0
7fb5cfc.jpg,0
7fc08e7.jpg,1
7fd44b1.jpg,1
7fdc6fa.jpg,1
7fe490b.jpg,0
7fe4ad1.jpg,0
7fed19f.jpg,0
7ffb5c5.jpg,0
7ffe52e.jpg,0
800016e.jpg,0
801bf06.jpg,1
8021084.jpg,1
802cea6.jpg,0
803e366.jpg,0
805eac5.jpg,0
80658b3.jpg,1
806cac6.jpg,0
806cd37.jpg,1
80752ff.jpg,1
8078d91.jpg,1
807ded4.jpg,1
808fa4e.jpg,1
8099626.jpg,1
80a905d.jpg,0
80ac65e.jpg,0
80c5371.jpg,1
80c666b.jpg,0
80c671d.jpg,1
80ccadc.jpg,0
80dcbbd.jpg,0
80e7c2d.jpg,1
80ec07d.jpg,0
80ec093.jpg,0
811f41c.jpg,0
81282b6.jpg,0
8128e16.jpg,0
8128fef.jpg,0
81403ec.jpg,0
81549ad.jpg,0
8155d29.jpg,1
816b01b.jpg,1
8175ad0.jpg,0
8176714.jpg,0
81803ef.jpg,1
8193e80.jpg,0
81a1d6c.jpg,0
81a5095.jpg,0
81b9422.jpg,1
81ba0e7.jpg,1
81de6b7.jpg,0
81f039b.jpg,1
81fb17b.jpg,0
8201178.jpg,0
8211401.jpg,0
822ef2b.jpg,0
823fe70.jpg,0
8242ba0.jpg,1
82469d0.jpg,1
8252577.jpg,0
8270f6b.jpg,0
827be4f.jpg,1
8281060.jpg,0
829702d.jpg,1
82a29b3.jpg,0
82abf39.jpg,1
82b12e7.jpg,1
82b6237.jpg,0
82c4bd3.jpg,0
82c5e47.jpg,0
82cd8f7.jpg,0
82f2457.jpg,0
830625c.jpg,0
8319581.jpg,1
832448a.jpg,1
8326411.jpg,0
833fbba.jpg,1
8357ab2.jpg,1
836ced3.jpg,0
836ff63.jpg,0
838ac47.jpg,0
838cd7a.jpg,1
838e39a.jpg,1
839090a.jpg,0
8391d85.jpg,0
8394909.jpg,1
83994a4.jpg,1
839d9db.jpg,0
83c38c2.jpg,1
83d5a6b.jpg,0
83e23ea.jpg,1
83f6db5.jpg,1
8411429.jpg,0
8412df9.jpg,1
84133eb.jpg,0
8414e6c.jpg,1
8418f5b.jpg,0
8421352.jpg,0
8437072.jpg,0
84528d8.jpg,0
846c2a2.jpg,0
84870a0.jpg,1
848b483.jpg,0
84a294c.jpg,1
84b84da.jpg,0
84bc023.jpg,0
84bc428.jpg,1
84c40f0.jpg,1
84d202b.jpg,0
84d47f8.jpg,1
84d7f4f.jpg,0
84dcb4a.jpg,0
84ed9ef.jpg,1
84ef2bb.jpg,1
84f8c48.jpg,0
84f928a.jpg,0
8531d2e.jpg,0
853bcba.jpg,1
8553a23.jpg,0
855ae90.jpg,1
856e1e3.jpg,1
85788f9.jpg,0
8583d04.jpg,0
858c461.jpg,0
8598065.jpg,1
85bb96c.jpg,0
85c1f5f.jpg,0
85c4f1a.jpg,0
85ccc87.jpg,1
85e4442.jpg,0
85e5f09.jpg,1
85eabc1.jpg,1
85f053b.jpg,0
85f2d53.jpg,0
86007ff.jpg,1
860f67f.jpg,1
8619258.jpg,1
862978f.jpg,0
86321fe.jpg,0
8639a89.jpg,0
8643e86.jpg,0
8644e6e.jpg,0
864d484.jpg,0
86672fb.jpg,0
8667994.jpg,1
867136a.jpg,1
8673664.jpg,0
868d285.jpg,0
8690794.jpg,0
8695732.jpg,0
86ab75c.jpg,0
86aefb8.jpg,1
86bca9b.jpg,0
86c38ed.jpg,0
86c5896.jpg,0
86d5dda.jpg,0
86fa18e.jpg,0
86fb735.jpg,1
8701794.jpg,0
870f5a4.jpg,0
87209c5.jpg,0
872b64a.jpg,1
8734e73.jpg,1
874645a.jpg,0
874c9df.jpg,1
874e832.jpg,1
87522a2.jpg,0
87525ca.jpg,0
876ee4b.jpg,0
8778ea0.jpg,0
8783c33.jpg,1
87a1831.jpg,1
87c0713.jpg,1
87d98b9.jpg,0
87dc46a.jpg,1
87dfdfc.jpg,0
87ee31f.jpg,1
87fae41.jpg,1
87fd65c.jpg,0
87fffff.jpg,1
8816d0d.jpg,0
8819d96.jpg,1
88232e1.jpg,0
8825f6a.jpg,0
8826bd9.jpg,0
882a79a.jpg,0
884c730.jpg,0
8857560.jpg,0
885d1dc.jpg,0
8868ba0.jpg,0
8876aa9.jpg,0
888f3b3.jpg,1
8897030.jpg,1
88a5cde.jpg,0
88b5f22.jpg,1
88c4a63.jpg,1
88c8427.jpg,0
88cc233.jpg,0
88d661c.jpg,0
88f228c.jpg,0
88f3fe7.jpg,1
88f7a5b.jpg,1
88fabe6.jpg,0
890dd57.jpg,0
8913c6f.jpg,1
892ccf7.jpg,0
89385df.jpg,1
894d71e.jpg,1
8952060.jpg,0
8955b11.jpg,1
895e140.jpg,0
895ff7b.jpg,1
8964c9a.jpg,0
89732e5.jpg,0
8975e8e.jpg,0
897f0f0.jpg,1
899b597.jpg,1
89a041e.jpg,0
89a0c22.jpg,0
89a74e7.jpg,0
89a7e9d.jpg,0
89aceae.jpg,1
89bd311.jpg,0
89c1070.jpg,0
89ceea7.jpg,1
89d4a2c.jpg,1
89d6455.jpg,1
89f2d68.jpg,1
8a06dc7.jpg,0
8a1d553.jpg,0
8a31db4.jpg,1
8a31faf.jpg,0
8a3244f.jpg,1
8a3f289.jpg,1
8a6111c.jpg,0
8a7368e.jpg,1
8a77f0e.jpg,1
8a7da89.jpg,0
8aa475f.jpg,0
8aad2aa.jpg,0
8acb403.jpg,0
8acbdf5.jpg,0
8ace617.jpg,1
8ae7415.jpg,1
8aebfe3.jpg,1
8af2b2a.jpg,1
8b09b25.jpg,1
8b1a525.jpg,0
8b1d9ba.jpg,1
8b224da.jpg,1
8b3e4d6.jpg,0
8b6059a.jpg,0
8b64432.jpg,0
8b67983.jpg,0
8b6ba11.jpg,1
8b6f8db.jpg,1
8b72740.jpg,0
8b7a2a7.jpg,0
8b83477.jpg,0
8b93508.jpg,1
8b9921b.jpg,0
8ba1eb4.jpg,1
8ba3f0f.jpg,0
8bacf39.jpg,0
8bad2a3.jpg,1
8bb5516.jpg,0
8bc5e41.jpg,1
8bd81ce.jpg,0
8be42bb.jpg,1
8be8471.jpg,1
8bf3d51.jpg,0
8bf41bf.jpg,1
8bfaccf.jpg,1
8c04aab.jpg,0
8c1c54b.jpg,0
8c24a74.jpg,1
8c3061e.jpg,0
8c3af36.jpg,0
8c3bb5d.jpg,0
8c49ff9.jpg,0
8c5ed73.jpg,0
8c79a67.jpg,0
8c7b712.jpg,0
8c84d2a.jpg,0
8c8d3d1.jpg,0
8c99fd8.jpg,0
8ca9d01.jpg,1
8cb30cc.jpg,0
8cd2856.jpg,0
8cd3cde.jpg,0
8cd8f5b.jpg,1
8cf0abd.jpg,0
8cf636e.jpg,1
8cf761f.jpg,1
8d07a73.jpg,1
8d369c9.jpg,1
8d3b6cf.jpg,0
8d43574.jpg,0
8d46873.jpg,1
8d4f24d.jpg,1
8d52bae.jpg,0
8d551d7.jpg,0
8d5f7a9.jpg,1
8d67be2.jpg,1
8d68de6.jpg,1
8d72054.jpg,0
8d7e8b1.jpg,1
8d87e41.jpg,0
8d895da.jpg,1
8d940f5.jpg,0
8d9792f.jpg,1
8da4989.jpg,1
8dae823.jpg,0
8db703a.jpg,0
8dc43a0.jpg,0
8dd6979.jpg,0
8de15dd.jpg,1
8ded656.jpg,0
8df3988.jpg,1
8df3d43.jpg,0
8dfcd9f.jpg,0
8e01e49.jpg,1
8e0d513.jpg,0
8e0fcf7.jpg,1
8e16f54.jpg,1
8e259ea.jpg,1
8e35413.jpg,1
8e386f6.jpg,0
8e46e77.jpg,0
8e52106.jpg,0
8e53178.jpg,0
8e5a94f.jpg,1
8e8d3c0.jpg,0
8e8da9f.jpg,0
8e9d722.jpg,0
8ea7acd.jpg,1
8eb5b87.jpg,0
8ebadc6.jpg,1
8ebc816.jpg,1
8ec5bd2.jpg,1
8ecabba.jpg,1
8ee35ce.jpg,0
8ef7180.jpg,1
8f02479.jpg,0
8f04d36.jpg,0
8f0f5a0.jpg,0
8f27d53.jpg,0
8f36b85.jpg,1
8f3fc55.jpg,1
8f424fe.jpg,1
8f44edb.jpg,1
8f492d2.jpg,1
8f4aca5.jpg,0
8f50025.jpg,0
8f56924.jpg,1
8f5caac.jpg,0
8f722a5.jpg,1
8f722f2.jpg,0
8f8701e.jpg,0
8fcb066.jpg,1
8fcc297.jpg,0
8fdc730.jpg,1
8fe6020.jpg,0
8fe8855.jpg,0
900e3fe.jpg,0
902bcf3.jpg,1
903bf2e.jpg,0
9056847.jpg,0
9075d29.jpg,1
907f1ba.jpg,0
9094675.jpg,1
909eeb1.jpg,1
90c4abe.jpg,0
90ce335.jpg,1
90cfbc5.jpg,0
90d430e.jpg,1
90e37a7.jpg,0
90e4fe7.jpg,0
9102d72.jpg,0
91270c9.jpg,0
912e792.jpg,0
9138a4f.jpg,1
9138c16.jpg,0
913be9a.jpg,0
913f986.jpg,0
913fa0d.jpg,0
914213a.jpg,0
9147a8d.jpg,0
9156855.jpg,0
9159a72.jpg,0
916f7ac.jpg,0
91702fa.jpg,0
9170da8.jpg,0
91739aa.jpg,0
917c650.jpg,0
91802a8.jpg,1
91acd9a.jpg,0
91b7031.jpg,0
91b8c3e.jpg,0
91c1163.jpg,1
9203dd2.jpg,0
920767b.jpg,1
9219fe4.jpg,1
923f40f.jpg,1
92431c7.jpg,1
9243291.jpg,1
9246156.jpg,0
92499a3.jpg,0
924a5d2.jpg,0
924c894.jpg,0
924e5af.jpg,0
924f4b8.jpg,0
925305b.jpg,1
9255ee7.jpg,1
927a12d.jpg,0
9281285.jpg,0
92865e2.jpg,1
929c064.jpg,1
92a90c7.jpg,1
92ab027.jpg,1
92b5191.jpg,0
92bcc4c.jpg,0
92ec6d2.jpg,0
92fe05b.jpg,0
9303b5c.jpg,0
930a44b.jpg,0
9316ba8.jpg,0
931d07f.jpg,0
931df25.jpg,0
9320f65.jpg,1
932fc73.jpg,1
9335159.jpg,0
93356ff.jpg,0
9336cfc.jpg,1
9348a36.jpg,0
93531d5.jpg,1
9355ab6.jpg,0
935fc5a.jpg,0
9360e71.jpg,0
9361989.jpg,1
9366b81.jpg,0
9368332.jpg,1
9368c79.jpg,0
938bf7a.jpg,1
939999f.jpg,1
939c2a6.jpg,0
93aafb4.jpg,1
93b0ffd.jpg,0
93b5b82.jpg,1
93b6f92.jpg,1
93bf66a.jpg,0
93d8e30.jpg,1
93db5c0.jpg,1
93dda31.jpg,0
93e44c0.jpg,0
940eeef.jpg,0
943aa00.jpg,1
944af83.jpg,1
944f10b.jpg,1
9452e1c.jpg,0
945cf93.jpg,0
945fc4b.jpg,1
946115c.jpg,0
946530c.jpg,1
94667e6.jpg,0
94891f8.jpg,1
948a898.jpg,0
94aff90.jpg,1
94b019e.jpg,0
94c485a.jpg,0
94cd1c8.jpg,0
94d670e.jpg,0
94d706e.jpg,1
94eeec2.jpg,1
9519c5c.jpg,1
9521f1b.jpg,0
9525fb0.jpg,0
952e5f1.jpg,0
9545812.jpg,0
9556906.jpg,0
9559a65.jpg,1
956094c.jpg,1
9573ce6.jpg,1
958d071.jpg,1
959af87.jpg,0
959c283.jpg,1
95a1be9.jpg,1
95b40a5.jpg,0
95b4424.jpg,1
95b7214.jpg,1
95ba48c.jpg,1
95c49d0.jpg,1
95d6699.jpg,0
95df231.jpg,0
9609c2a.jpg,1
961859f.jpg,1
961cb49.jpg,0
962214e.jpg,1
963c6db.jpg,1
96460bb.jpg,1
964d4a6.jpg,1
964e0ba.jpg,0
965b308.jpg,1
9662fd2.jpg,1
967fd18.jpg,1
968c34c.jpg,0
968dd53.jpg,0
96b8ae3.jpg,1
96b9c17.jpg,0
96ce1b3.jpg,0
96d075d.jpg,0
96ec5dd.jpg,0
971c229.jpg,0
971e19d.jpg,0
972103a.jpg,0
972125d.jpg,0
9724010.jpg,0
9738270.jpg,1
973c6d7.jpg,0
9743750.jpg,0
9746898.jpg,0
9749b58.jpg,0
975e5d9.jpg,0
976b67a.jpg,0
97834cb.jpg,0
9792df9.jpg,1
979c0b0.jpg,1
97a23cf.jpg,0
97bbcba.jpg,0
97ccafb.jpg,0
97e8d0d.jpg,0
97f4fa0.jpg,0
97f678e.jpg,1
9806f56.jpg,0
981db5b.jpg,0
982e404.jpg,1
983adc5.jpg,0
983d323.jpg,0
983f3f7.jpg,0
984c799.jpg,0
985cea4.jpg,0
985d5aa.jpg,0
985e112.jpg,1
986602e.jpg,0
98682ba.jpg,0
9871dc7.jpg,0
9875f2d.jpg,0
9885488.jpg,1
98890fe.jpg,1
988f773.jpg,1
9894cfc.jpg,0
98991bb.jpg,0
98c2d20.jpg,1
98cfcc2.jpg,1
9901417.jpg,0
990f987.jpg,0
99195a2.jpg,1
9925939.jpg,1
9934bbe.jpg,1
9934d3b.jpg,0
9937e8a.jpg,0
993e07b.jpg,0
994a534.jpg,0
994e66f.jpg,1
9960c76.jpg,1
99639cd.jpg,0
996f46b.jpg,0
9975e3c.jpg,0
997e17f.jpg,0
99a13e5.jpg,0
99b9bd5.jpg,0
99bf4b0.jpg,0
99c0135.jpg,0
99c2376.jpg,0
99d452e.jpg,0
99db287.jpg,0
99dfbdb.jpg,0
99f2764.jpg,0
99f33d6.jpg,1
9a07b74.jpg,0
9a1c15b.jpg,0
9a1df26.jpg,0
9a2d654.jpg,0
9a3a1e7.jpg,0
9a4535a.jpg,1
9a4856e.jpg,1
9a4b29e.jpg,0
9a4f665.jpg,0
9a5c02f.jpg,0
9a653bc.jpg,0
9a6cc11.jpg,1
9a7072d.jpg,0
9a7fe57.jpg,0
9a82efc.jpg,0
9a8f69f.jpg,1
9a9d599.jpg,0
9aaa3f2.jpg,0
9aacc76.jpg,1
9ab5137.jpg,0
9acc3d7.jpg,1
9adb660.jpg,0
9adb9ca.jpg,0
9af0e22.jpg,1
9af850c.jpg,0
9b0919e.jpg,0
9b0e562.jpg,0
9b1854a.jpg,1
9b25c0d.jpg,1
9b32ba2.jpg,1
9b35cb5.jpg,0
9b374c4.jpg,0
9b511b7.jpg,1
9b880ce.jpg,0
9ba0225.jpg,0
9bb717d.jpg,0
9bb96d9.jpg,0
9bc4937.jpg,0
9bc91e6.jpg,1
9bf6542.jpg,1
9bf97d7.jpg,1
9c103e5.jpg,1
9c1106a.jpg,0
9c1225f.jpg,0
9c25a72.jpg,1
9c3a9b0.jpg,0
9c40f2f.jpg,1
9c5ba95.jpg,0
9c65df7.jpg,1
9c6b051.jpg,0
9c7332b.jpg,0
9c75428.jpg,1
9c867d9.jpg,0
9c8fd7c.jpg,0
9c9621f.jpg,0
9ca49ab.jpg,1
9cbf068.jpg,1
9cc3516.jpg,1
9cc537c.jpg,0
9ccfe4e.jpg,0
9cdc586.jpg,1
9ce2bfa.jpg,0
9ced42f.jpg,0
9d07b0a.jpg,0
9d35f6a.jpg,0
9d3d86f.jpg,0
9d40429.jpg,1
9d40567.jpg,1
9d5a861.jpg,1
9d60372.jpg,1
9d82129.jpg,0
9d86b2a.jpg,0
9d8b561.jpg,1
9da2f95.jpg,0
9db3361.jpg,1
9dd3e01.jpg,0
9dd56f7.jpg,0
9ddacce.jpg,1
9de8959.jpg,0
9dec595.jpg,0
9deed58.jpg,0
9e01929.jpg,0
9e13a17.jpg,1
9e22d05.jpg,0
9e232f3.jpg,0
9e3eb77.jpg,1
9e64d70.jpg,0
9e7740a.jpg,1
9e79be4.jpg,0
9e81ffd.jpg,0
9e9ad22.jpg,1
9ea1aa9.jpg,1
9ebe77d.jpg,1
9ed149d.jpg,0
9ed2531.jpg,1
9ed4ba4.jpg,1
9ed9469.jpg,0
9ede0ba.jpg,1
9eeb72d.jpg,1
9ef2a30.jpg,0
9ef56b9.jpg,0
9f08854.jpg,1
9f15618.jpg,1
9f4ef37.jpg,0
9f62c7d.jpg,0
9f71569.jpg,0
9f7763c.jpg,1
9f80b65.jpg,0
9f86645.jpg,1
9f9e827.jpg,0
9faa7ac.jpg,0
9fabd44.jpg,0
9fb0c6e.jpg,0
9fd1ce1.jpg,0
9fd4525.jpg,0
9febeb9.jpg,1
a000c51.jpg,1
a00ab01.jpg,0
a015b6e.jpg,1
a0249a4.jpg,0
a027264.jpg,1
a037167.jpg,0
a067edf.jpg,0
a085e8b.jpg,1
a097366.jpg,0
a0b5d77.jpg,1
a0bdcb6.jpg,1
a0c0ad0.jpg,1
a0cd3c9.jpg,0
a0d5049.jpg,0
a0dd2ea.jpg,1
a0e1ae9.jpg,0
a0e6825.jpg,0
a0f2dfa.jpg,0
a0f699a.jpg,1
a108169.jpg,1
a114629.jpg,1
a1249d9.jpg,0
a12b107.jpg,0
a12ba40.jpg,1
a12eef6.jpg,0
a13a633.jpg,0
a144a4e.jpg,0
a14aa0d.jpg,0
a152a41.jpg,1
a15f8e7.jpg,1
a171b9f.jpg,0
a17b9eb.jpg,1
a17d518.jpg,0
a18f4d1.jpg,0
a19b432.jpg,0
a19c44a.jpg,1
a1a3958.jpg,1
a1ae4a0.jpg,0
a1afacf.jpg,1
a1c1ba9.jpg,0
a1c4642.jpg,1
a1d13fa.jpg,0
a1e9924.jpg,1
a1f2428.jpg,1
a1f40d5.jpg,0
a2019b3.jpg,0
a204c20.jpg,0
a205b78.jpg,0
a20f99e.jpg,0
a21d2e5.jpg,0
a22415a.jpg,0
a229d7f.jpg,1
a22d32f.jpg,1
a245c29.jpg,0
a259b04.jpg,0
a25e3ad.jpg,0
a25f135.jpg,1
a25f60a.jpg,1
a26afa7.jpg,1
a26c013.jpg,1
a29a972.jpg,0
a2be8b5.jpg,0
a2c9d31.jpg,1
a2d9c96.jpg,0
a2dc5c0.jpg,0
a2e8d45.jpg,0
a2f5708.jpg,0
a30e2e1.jpg,1
a316d3c.jpg,0
a32f6e0.jpg,1
a353a1c.jpg,0
a3631ff.jpg,1
a37f12b.jpg,0
a381186.jpg,1
a3848f8.jpg,1
a396614.jpg,0
a3ac2e4.jpg,0
a3c47bc.jpg,1
a3c4ec6.jpg,0
a3e4d42.jpg,1
a3e83f6.jpg,0
a3f8b2f.jpg,0
a40efee.jpg,1
a4185ec.jpg,0
a41d260.jpg,1
a4249dc.jpg,1
a438b48.jpg,1
a44d1c0.jpg,1
a452d90.jpg,0
a456155.jpg,0
a468e06.jpg,0
a46c540.jpg,0
a474945.jpg,1
a47704b.jpg,0
a47732c.jpg,1
a48b18b.jpg,0
a49ecf7.jpg,0
a4a0dc5.jpg,1
a4b712a.jpg,0
a4bb4a4.jpg,0
a4bf16f.jpg,1
a4c2b88.jpg,0
a4c5875.jpg,0
a4e13a3.jpg,0
a4e5ec5.jpg,1
a4f8c06.jpg,0
a50ac18.jpg,0
a50e36a.jpg,1
a52d1e7.jpg,1
a542ce8.jpg,1
a543b95.jpg,1
a543bbc.jpg,0
a54f864.jpg,0
a57be21.jpg,0
a5831b5.jpg,0
a5931e4.jpg,0
a59b0b6.jpg,0
a59e4b8.jpg,0
a59faf4.jpg,1
a5a4b72.jpg,1
a5a6460.jpg,1
a5b1024.jpg,0
a5b13dc.jpg,1
a5b24a7.jpg,1
a5b8b5b.jpg,1
a5bbe51.jpg,0
a5c3151.jpg,1
a5f318a.jpg,1
a5f6d6b.jpg,1
a6074c0.jpg,0
a622910.jpg,0
a627f44.jpg,0
a63867a.jpg,1
a6402b6.jpg,1
a66252e.jpg,0
a668464.jpg,1
a66e7d9.jpg,0
a678366.jpg,1
a68b8fb.jpg,1
a6975b4.jpg,1
a6a1f23.jpg,0
a6ac1b4.jpg,1
a6ac926.jpg,0
a6b0eb2.jpg,0
a6bf964.jpg,0
a6cc47d.jpg,1
a6d198d.jpg,1
a6db5f7.jpg,0
a6dd0db.jpg,0
a6e668c.jpg,1
a6ec8e1.jpg,0
a6fd97b.jpg,0
a70a490.jpg,0
a715c34.jpg,0
a7167a3.jpg,0
a733766.jpg,1
a7365d1.jpg,1
a7410c5.jpg,1
a7473f3.jpg,0
a747c31.jpg,1
a75e454.jpg,1
a7619c5.jpg,0
a776f9f.jpg,0
a7794aa.jpg,0
a77b1c5.jpg,0
a77ffa9.jpg,1
a793a3b.jpg,0
a797193.jpg,0
a798c82.jpg,1
a79c492.jpg,0
a7aff91.jpg,0
a7b118b.jpg,0
a7b14ac.jpg,0
a7c7d42.jpg,0
a7cde49.jpg,1
a7d653f.jpg,0
a7e5fa4.jpg,0
a7f3ac5.jpg,0
a7fdbc3.jpg,0
a7ff75e.jpg,0
a809e64.jpg,0
a80cc85.jpg,0
a810f72.jpg,0
a81b0ca.jpg,1
a81e06d.jpg,0
a824cdc.jpg,1
a84c22e.jpg,0
a84c738.jpg,0
a863356.jpg,1
a88641f.jpg,0
a89aa2f.jpg,0
a89c6ae.jpg,1
a8a54ec.jpg,0
a8a6466.jpg,1
a8aaa93.jpg,0
a8b6270.jpg,0
a8c3b14.jpg,1
a8d1f61.jpg,0
a8d6ef4.jpg,0
a8da6a9.jpg,0
a8dc8ca.jpg,0
a8f84e0.jpg,0
a8fcc43.jpg,0
a8fe7f5.jpg,0
a8ffa01.jpg,0
a9077ec.jpg,0
a90b0e4.jpg,0
a90bca4.jpg,0
a914adf.jpg,0
a917275.jpg,0
a919025.jpg,0
a91cea1.jpg,1
a92ea02.jpg,1
a932148.jpg,0
a9483d2.jpg,1
a95fa42.jpg,0
a976adb.jpg,0
a979af9.jpg,1
a996e6f.jpg,1
a99e3d9.jpg,1
a9ab897.jpg,1
a9c2366.jpg,0
a9c7fd3.jpg,0
a9cb6e1.jpg,0
a9d9a95.jpg,1
a9e8982.jpg,1
a9f744f.jpg,1
a9f796c.jpg,0
a9f7973.jpg,1
a9facc6.jpg,0
aa0d0c5.jpg,0
aa1c9f5.jpg,0
aa298d2.jpg,0
aa31a6b.jpg,1
aa3c798.jpg,1
aa467f6.jpg,1
aa4ba79.jpg,1
aa56c99.jpg,0
aaa333f.jpg,1
aaa82be.jpg,0
aaca0ba.jpg,1
aacfb6a.jpg,1
aad0a07.jpg,0
aaf1cc2.jpg,0
ab05c7c.jpg,1
ab1ff68.jpg,0
ab3a389.jpg,0
ab3ab32.jpg,0
ab3cba9.jpg,1
ab41d16.jpg,0
ab48e9a.jpg,0
ab52d24.jpg,0
ab67c28.jpg,0
ab92630.jpg,1
ab98b1b.jpg,1
abaca5e.jpg,0
abf0a99.jpg,0
ac0020d.jpg,1
ac0c7dc.jpg,0
ac113f7.jpg,1
ac12e50.jpg,0
ac1e24e.jpg,0
ac2d117.jpg,1
ac2e8d6.jpg,0
ac3e0eb.jpg,0
ac51e46.jpg,0
ac588da.jpg,1
ac5a819.jpg,0
ac7128b.jpg,1
ac80e3b.jpg,1
ac818ec.jpg,0
ac8776b.jpg,0
ac95af4.jpg,0
aca1c60.jpg,0
aca829e.jpg,0
acae344.jpg,1
acbb85c.jpg,1
acf6ff3.jpg,0
acfb940.jpg,0
ad07d6c.jpg,1
ad1011c.jpg,1
ad117f7.jpg,0
ad27f0d.jpg,0
ad4e3e7.jpg,1
ad53832.jpg,1
ad6ff4c.jpg,1
ad945d5.jpg,1
adc0d4b.jpg,1
adcb5f6.jpg,1
add4875.jpg,1
add9b0f.jpg,1
ade4887.jpg,1
ade61a0.jpg,1
adeb329.jpg,0
adeda80.jpg,0
adf72bf.jpg,0
ae1799a.jpg,0
ae3517d.jpg,1
ae36c08.jpg,1
ae47f2b.jpg,1
ae51b05.jpg,0
ae7a06d.jpg,0
ae89301.jpg,1
ae89b56.jpg,1
ae9288f.jpg,0
aea7b53.jpg,1
aec6035.jpg,1
aecee11.jpg,1
aed31c2.jpg,0
aee1ec2.jpg,0
aee87f2.jpg,0
aeef103.jpg,1
aef42dc.jpg,1
aef854f.jpg,1
aefab1c.jpg,1
af063b0.jpg,1
af0b8b5.jpg,0
af0e4f2.jpg,0
af180ae.jpg,1
af268be.jpg,1
af27e02.jpg,1
af408e8.jpg,0
af4d36b.jpg,0
af549ea.jpg,1
af5615a.jpg,0
af61ae7.jpg,0
af650ad.jpg,0
af74d6f.jpg,0
af7860f.jpg,1
af89c90.jpg,0
af8a229.jpg,0
af8df0d.jpg,1
af9bb8e.jpg,0
afbe855.jpg,1
afd3da4.jpg,0
afd55fb.jpg,1
afe8737.jpg,0
aff529b.jpg,1
affb040.jpg,1
b01847b.jpg,0
b019e9a.jpg,0
b01c91f.jpg,1
b02ca28.jpg,1
b0347e4.jpg,0
b0422d7.jpg,1
b048666.jpg,0
b048dd2.jpg,0
b049293.jpg,0
b066cf5.jpg,1
b06cf02.jpg,1
b07e554.jpg,1
b07ed28.jpg,0
b085f55.jpg,1
b092cc1.jpg,0
b09b94a.jpg,0
b0bbd2c.jpg,0
b0bd415.jpg,0
b0ec298.jpg,1
b0f008a.jpg,0
b0f27b0.jpg,0
b10deb0.jpg,1
b11e1b1.jpg,1
b13672c.jpg,1
b1525ca.jpg,0
b1666ef.jpg,0
b16da85.jpg,1
b181990.jpg,0
b181a48.jpg,1
b1935e3.jpg,0
b19c0e4.jpg,0
b1a41ac.jpg,1
b1a658e.jpg,0
b1b36b5.jpg,1
b1b7161.jpg,0
b1d23ca.jpg,0
b1d4f8c.jpg,1
b1e6774.jpg,0
b1e9bd5.jpg,0
b1efc9e.jpg,1
b1f18cf.jpg,0
b203ff3.jpg,1
b2097d0.jpg,0
b211e2d.jpg,0
b21394c.jpg,0
b21b084.jpg,1
b23a364.jpg,0
b241189.jpg,0
b24b4f6.jpg,1
b2503a7.jpg,0
b2679b2.jpg,1
b27759f.jpg,0
b2834ac.jpg,1
b28b778.jpg,1
b2b5a89.jpg,0
b2baf6f.jpg,1
b2d1307.jpg,0
b2d1e73.jpg,0
b2d4bed.jpg,0
b2e98d5.jpg,1
b30479e.jpg,0
b30a770.jpg,1
b31d298.jpg,0
b32aa35.jpg,0
b3411a2.jpg,1
b34d791.jpg,0
b34e1da.jpg,0
b3535f9.jpg,0
b359c1b.jpg,1
b370149.jpg,1
b37109a.jpg,0
b3896c1.jpg,0
b38dcd4.jpg,0
b38f975.jpg,0
b398a67.jpg,1
b39bc51.jpg,0
b39eedc.jpg,1
b39fa2a.jpg,1
b3a5853.jpg,0
b3c509a.jpg,0
b3ca98d.jpg,0
b3cc504.jpg,0
b3de8d1.jpg,1
b3e0e2c.jpg,1
b3f284b.jpg,0
b3f4a62.jpg,1
b4063d3.jpg,0
b40a361.jpg,1
b41c67d.jpg,0
b42e1da.jpg,0
b432951.jpg,0
b43fa7e.jpg,1
b455e31.jpg,1
b4581bf.jpg,1
b459168.jpg,1
b45a30d.jpg,0
b45dfc5.jpg,1
b4609a0.jpg,1
b496fcb.jpg,1
b49c373.jpg,0
b4a66a9.jpg,0
b4c8bbc.jpg,1
b4e1d3a.jpg,0
b4e2507.jpg,1
b502862.jpg,1
b526b15.jpg,0
b53c22a.jpg,1
b53dbb6.jpg,0
b54007a.jpg,0
b543ec3.jpg,1
b546d12.jpg,0
b548fa2.jpg,0
b570e82.jpg,1
b571451.jpg,0
b581e41.jpg,0
b5908da.jpg,0
b59cd45.jpg,0
b5a8374.jpg,0
b5a981c.jpg,1
b5d511c.jpg,0
b5e28ed.jpg,0
b5e66bc.jpg,1
b5eb2a5.jpg,0
b5f39d9.jpg,0
b601e0c.jpg,0
b60ca64.jpg,1
b626557.jpg,0
b64ca83.jpg,1
b6509bf.jpg,0
b651323.jpg,1
b657af6.jpg,0
b65b068.jpg,0
b66078f.jpg,1
b66217b.jpg,1
b6829bf.jpg,1
b693f01.jpg,1
b694de6.jpg,0
b6a226f.jpg,0
b6b3c1b.jpg,0
b6b6289.jpg,0
b6cd71a.jpg,0
b6d3475.jpg,0
b6d428b.jpg,1
b6e0b60.jpg,1
b6e8a81.jpg,0
b6ec4b9.jpg,0
b702da6.jpg,1
b710d67.jpg,1
b7170ce.jpg,1
b7193d2.jpg,0
b720db3.jpg,1
b729436.jpg,0
b734fad.jpg,0
b7480ac.jpg,0
b74cc2c.jpg,1
b7524d5.jpg,1
b75d58f.jpg,0
b75eeac.jpg,1
b7650ff.jpg,0
b765c2d.jpg,0
b76659c.jpg,1
b774b3a.jpg,1
b78b1fe.jpg,0
b796b5f.jpg,0
b799983.jpg,1
b7b34fd.jpg,0
b7cabc8.jpg,1
b7cb59a.jpg,0
b7ddb22.jpg,1
b7e3aba.jpg,0
b7f1f9a.jpg,0
b7fea00.jpg,1
b829bfa.jpg,1
b83cb62.jpg,1
b83d4f1.jpg,1
b84aed5.jpg,1
b84f125.jpg,1
b866f7f.jpg,0
b8810ca.jpg,1
b88a209.jpg,0
b88c218.jpg,0
b893899.jpg,1
b8954d6.jpg,0
b895a74.jpg,0
b897fda.jpg,0
b89964a.jpg,0
b8add71.jpg,1
b8c9c50.jpg,0
b8cbd9c.jpg,1
b8d6fb2.jpg,0
b8f5fa9.jpg,0
b8f9a9d.jpg,0
b8ffe62.jpg,0
b90650d.jpg,0
b90ed50.jpg,0
b9145ee.jpg,0
b9169aa.jpg,1
b917f16.jpg,0
b9345a6.jpg,0
b93a195.jpg,0
b9425c3.jpg,0
b950787.jpg,1
b977433.jpg,1
b981995.jpg,1
b98259c.jpg,1
b991088.jpg,1
b99670d.jpg,1
b9a909a.jpg,0
b9afb50.jpg,1
b9b9f2e.jpg,0
b9c0279.jpg,1
b9da754.jpg,1
b9e4006.jpg,1
ba08197.jpg,1
ba28829.jpg,1
ba46550.jpg,1
ba47493.jpg,0
ba6522b.jpg,1
ba6bf9a.jpg,0
ba759b2.jpg,0
ba873e1.jpg,0
ba8e58f.jpg,1
ba92824.jpg,0
bab8aba.jpg,0
bac4f42.jpg,0
bacd6fe.jpg,0
badb8f3.jpg,0
bae0cef.jpg,1
bae97cb.jpg,1
baee301.jpg,1
bafa18d.jpg,0
bb09fd9.jpg,1
bb15328.jpg,0
bb178a3.jpg,1
bb31239.jpg,1
bb3a70f.jpg,0
bb40421.jpg,0
bb4d4fa.jpg,0
bb62c4a.jpg,0
bb68923.jpg,0
bb6a29c.jpg,1
bb75314.jpg,1
bb75fec.jpg,0
bb81b7b.jpg,0
bb83655.jpg,0
bb83851.jpg,1
bbb65e0.jpg,0
bbc8ec3.jpg,0
bbcda2d.jpg,1
bbd2907.jpg,0
bbde96d.jpg,1
bbe95f1.jpg,0
bbea5f7.jpg,0
bbeae78.jpg,0
bbec1a5.jpg,0
bbf0cf8.jpg,1
bbfc670.jpg,0
bc12ca1.jpg,1
bc3f6f9.jpg,1
bc40735.jpg,0
bc437e0.jpg,0
bc79c87.jpg,1
bc9e8be.jpg,1
bcac265.jpg,1
bcb0c6e.jpg,0
bcb1a8e.jpg,1
bcb5d35.jpg,0
bcfb055.jpg,1
bd001b3.jpg,1
bd04da5.jpg,1
bd14fc5.jpg,1
bd47a48.jpg,1
bd5743b.jpg,0
bd62341.jpg,0
bd624da.jpg,1
bd7a947.jpg,0
bdbb6c0.jpg,0
bdbc6c6.jpg,0
bdbce0f.jpg,1
bdd2fe5.jpg,1
bde641b.jpg,1
bdf4c34.jpg,0
bdfdc01.jpg,0
be0540d.jpg,1
be098b9.jpg,0
be123d6.jpg,1
be1c45f.jpg,0
be4ba4e.jpg,1
be4c586.jpg,0
be72ff8.jpg,1
be7908a.jpg,1
be7940e.jpg,0
be7fc9d.jpg,0
be7fe4e.jpg,1
be9ef65.jpg,0
bebfe0b.jpg,1
bec225e.jpg,0
bed08ae.jpg,0
bee421c.jpg,1
bee51d1.jpg,0
beee85b.jpg,1
bef3354.jpg,0
bf03623.jpg,1
bf0a72d.jpg,0
bf191a9.jpg,0
bf287e6.jpg,0
bf28fa6.jpg,0
bf2ec4a.jpg,0
bf6073a.jpg,0
bf64e04.jpg,0
bf68101.jpg,0
bfabecc.jpg,1
bfd334c.jpg,1
bfdb6f0.jpg,1
bfede5c.jpg,0
bff40b5.jpg,0
c0306e5.jpg,0
c036705.jpg,0
c044e1e.jpg,0
c04cc3a.jpg,0
c05a932.jpg,0
c05f7d3.jpg,1
c06322b.jpg,1
c06c8c1.jpg,1
c075eaa.jpg,0
c086169.jpg,0
c08b5f6.jpg,1
c0952e5.jpg,0
c0a6d2d.jpg,1
c0b739b.jpg,1
c0b77e6.jpg,0
c0c8d52.jpg,1
c0d5a4c.jpg,0
c0d8f0e.jpg,1
c0dadad.jpg,1
c0dbe22.jpg,0
c0e4f98.jpg,1
c0e8a09.jpg,0
c0e8adb.jpg,0
c0eea70.jpg,0
c142934.jpg,1
c1542ef.jpg,0
c16fbda.jpg,0
c17019f.jpg,0
c1748a5.jpg,0
c19a49a.jpg,0
c1a1352.jpg,0
c1a3d8e.jpg,1
c1a903b.jpg,0
c1add1c.jpg,0
c1b7cd4.jpg,1
c1c05ec.jpg,0
c1e251e.jpg,1
c1e6ff8.jpg,1
c200cce.jpg,0
c206b30.jpg,1
c20fc81.jpg,0
c212a60.jpg,1
c21d0bd.jpg,1
c22a768.jpg,1
c22cfa7.jpg,0
c237874.jpg,1
c237a46.jpg,0
c244100.jpg,0
c24c229.jpg,0
c24d1e4.jpg,0
c24df7c.jpg,1
c257c18.jpg,0
c25d3dc.jpg,1
c264644.jpg,0
c26c635.jpg,1
c289c5e.jpg,0
c29ba22.jpg,1
c29f82d.jpg,0
c2a3263.jpg,1
c2ad0d8.jpg,1
c2c1b0b.jpg,1
c2c291f.jpg,0
c2cbaef.jpg,0
c2d6459.jpg,0
c2d6a30.jpg,0
c2d77ea.jpg,1
c2e3840.jpg,0
c2e72a5.jpg,1
c2f4b0b.jpg,0
c300508.jpg,1
c3014c1.jpg,1
c3035f0.jpg,1
c305390.jpg,1
c314807.jpg,0
c3161e7.jpg,0
c31fef1.jpg,1
c329bfc.jpg,0
c32bfd6.jpg,0
c333a18.jpg,1
c33a114.jpg,0
c33e62c.jpg,0
c357a55.jpg,0
c36bb88.jpg,1
c382f3e.jpg,0
c38a9aa.jpg,1
c390eb1.jpg,0
c3d1d3b.jpg,1
c3d3554.jpg,1
c3d60e6.jpg,0
c3e1068.jpg,0
c3e5b8d.jpg,0
c3ea016.jpg,0
c3ecc72.jpg,1
c3f4182.jpg,0
c3fc59b.jpg,1
c3fcfa7.jpg,1
c401cc0.jpg,1
c41b55a.jpg,0
c41b806.jpg,0
c42179b.jpg,0
c465c2e.jpg,0
c46d59f.jpg,0
c46fe67.jpg,0
c47989f.jpg,1
c48b14a.jpg,0
c48ba6b.jpg,1
c48ce61.jpg,1
c490423.jpg,0
c495347.jpg,0
c4a80c1.jpg,1
c4a85f0.jpg,1
c4aae24.jpg,1
c4b18a0.jpg,1
c4c7b06.jpg,0
c4d38d7.jpg,1
c4eb696.jpg,1
c4ef61e.jpg,0
c500101.jpg,1
c51d959.jpg,0
c51fd3f.jpg,0
c524c35.jpg,1
c52a85f.jpg,1
c52d005.jpg,0
c54d2ef.jpg,0
c55412b.jpg,1
c555ed0.jpg,1
c572bb6.jpg,0
c5753c1.jpg,1
c5764a8.jpg,1
c5796f9.jpg,1
c596809.jpg,0
c59bef7.jpg,1
c59f16d.jpg,0
c5b7850.jpg,0
c5b8987.jpg,1
c5bbf71.jpg,0
c5c0133.jpg,0
c5c83d4.jpg,1
c5d4d6f.jpg,0
c604fd1.jpg,0
c62a389.jpg,1
c62eadf.jpg,0
c647f73.jpg,0
c651b18.jpg,0
c657cd5.jpg,0
c65a8be.jpg,0
c661a22.jpg,0
c668eea.jpg,1
c6740c3.jpg,0
c67c674.jpg,0
c67f808.jpg,1
c687792.jpg,1
c6a5bcc.jpg,0
c6b1b36.jpg,0
c6d1339.jpg,0
c6d834b.jpg,1
c6e4f76.jpg,0
c6e5c16.jpg,0
c6e9f34.jpg,1
c6f8044.jpg,0
c6ffcca.jpg,1
c70db55.jpg,0
c71b0dc.jpg,0
c72878d.jpg,1
c72db3e.jpg,0
c73011e.jpg,1
c73913d.jpg,1
c73ed01.jpg,0
c73f63c.jpg,1
c74feec.jpg,0
c750336.jpg,0
c756fbb.jpg,0
c76ae41.jpg,0
c76cd67.jpg,1
c76ceb3.jpg,1
c76d9e7.jpg,0
c794e33.jpg,0
c798a33.jpg,0
c7bfd1b.jpg,1
c7d28ff.jpg,1
c7e8606.jpg,1
c7e898c.jpg,0
c7f606d.jpg,1
c806973.jpg,0
c806fcf.jpg,1
c824789.jpg,0
c843923.jpg,0
c855260.jpg,0
c8587df.jpg,0
c867ea2.jpg,0
c86e7ef.jpg,1
c879c04.jpg,0
c87b0ff.jpg,0
c88b02e.jpg,0
c894cdb.jpg,1
c8aeed6.jpg,1
c8c0269.jpg,0
c8c160f.jpg,0
c8d7934.jpg,0
c8d92de.jpg,0
c8ddcba.jpg,0
c8e7267.jpg,0
c908a85.jpg,0
c916358.jpg,1
c91e76c.jpg,0
c91f434.jpg,1
c92f585.jpg,0
c930881.jpg,0
c938483.jpg,1
c946be2.jpg,0
c94cf48.jpg,1
c94eb3d.jpg,1
c95c348.jpg,0
c9629d8.jpg,1
c979551.jpg,1
c97ad51.jpg,1
c988159.jpg,0
c98dd56.jpg,0
c99174f.jpg,0
c99e8d3.jpg,1
c9a1a80.jpg,1
c9aac6d.jpg,0
c9af416.jpg,0
c9b2f77.jpg,1
c9d15e3.jpg,0
c9de61b.jpg,1
c9e7adc.jpg,0
c9f1562.jpg,0
c9f9727.jpg,1
ca26911.jpg,0
ca35354.jpg,1
ca3ba18.jpg,1
ca55976.jpg,0
ca5f1c6.jpg,0
ca6b9c5.jpg,0
ca764be.jpg,0
ca7dbfa.jpg,0
ca8c191.jpg,1
caa0cf1.jpg,1
cabd615.jpg,1
cac37e0.jpg,0
cac8b10.jpg,0
caca269.jpg,0
cad9033.jpg,0
cadeff2.jpg,1
caf3077.jpg,0
cb40eee.jpg,1
cb51f4b.jpg,1
cb55d50.jpg,0
cb69eaf.jpg,0
cb6af0a.jpg,0
cb85236.jpg,1
cb9f77b.jpg,0
cbab082.jpg,1
cbaf05b.jpg,0
cbb861f.jpg,1
cbba8f4.jpg,0
cbc3fb8.jpg,1
cbc45f3.jpg,1
cbd6a81.jpg,0
cbde746.jpg,0
cbea58c.jpg,0
cbfdf11.jpg,1
cc10d21.jpg,0
cc1bc90.jpg,1
cc1c876.jpg,0
cc1d83b.jpg,1
cc2ae3f.jpg,1
cc3574f.jpg,0
cc3f312.jpg,0
cc475c4.jpg,1
cc60597.jpg,1
cc61cfb.jpg,0
cc6c92d.jpg,0
cc768f0.jpg,1
cc8146c.jpg,0
cc841a2.jpg,1
cc8c139.jpg,0
cc96a24.jpg,0
cc9758f.jpg,1
cc995fc.jpg,0
cca407c.jpg,1
cca52fe.jpg,0
ccac830.jpg,0
ccae568.jpg,0
ccafdde.jpg,0
ccb8354.jpg,0
ccbadef.jpg,0
ccbd475.jpg,1
ccc1598.jpg,0
ccc2e9c.jpg,0
cce531c.jpg,0
ccff999.jpg,0
ccfff5f.jpg,0
cd29cec.jpg,0
cd3ad22.jpg,0
cd40ced.jpg,0
cd506f6.jpg,0
cd564f5.jpg,0
cd617d7.jpg,0
cd6b11d.jpg,1
cd6b401.jpg,0
cd785d7.jpg,0
cd807f8.jpg,1
cd83e4b.jpg,0
cd85660.jpg,0
cd97abb.jpg,1
cda6e57.jpg,0
cdc3743.jpg,1
cdc7c95.jpg,1
cdecfea.jpg,0
cdf2346.jpg,0
cdf7242.jpg,1
cdfc333.jpg,1
ce0041a.jpg,1
ce05fe6.jpg,1
ce0e3d9.jpg,1
ce3417f.jpg,1
ce3fd89.jpg,1
ce69a99.jpg,1
ce6a45a.jpg,0
ce6d44a.jpg,1
ce6fb99.jpg,0
ce711cd.jpg,1
ce74231.jpg,0
ce77cc1.jpg,1
ce9766a.jpg,0
cea2726.jpg,1
ceaec70.jpg,0
ceb9961.jpg,1
ced423c.jpg,0
cedb181.jpg,1
cee4619.jpg,0
cf2b4b7.jpg,1
cf38b60.jpg,1
cf42914.jpg,1
cf479d7.jpg,1
cf4a9f0.jpg,0
cf5688e.jpg,0
cf5dd82.jpg,0
cf629fe.jpg,0
cf64cf7.jpg,1
cf773d5.jpg,0
cf7b3f7.jpg,1
cfa348b.jpg,0
cff5747.jpg,1
d00031e.jpg,0
d0009cd.jpg,0
d00fef2.jpg,0
d013d78.jpg,0
d0153c6.jpg,1
d0154ad.jpg,0
d0242f1.jpg,1
d02ad72.jpg,0
d02d349.jpg,0
d02e8ef.jpg,0
d0325e9.jpg,0
d03df83.jpg,0
d0608b2.jpg,0
d06e7ea.jpg,0
d08612f.jpg,0
d087b7b.jpg,0
d09d147.jpg,1
d0a8771.jpg,1
d0b50ef.jpg,1
d0d6302.jpg,1
d0dcfc2.jpg,0
d0e6d99.jpg,0
d0e78d8.jpg,0
d0f048a.jpg,0
d0f3324.jpg,1
d0ff4b5.jpg,0
d115f7d.jpg,0
d1384a4.jpg,0
d148efe.jpg,1
d17673e.jpg,0
d179c14.jpg,0
d17c740.jpg,0
d17c9aa.jpg,1
d1820b5.jpg,0
d19d9f9.jpg,1
d1a6edc.jpg,1
d1aeb17.jpg,0
d1b5709.jpg,1
d1c0f8b.jpg,0
d1c9dbc.jpg,0
d1cfeb2.jpg,1
d1e73a2.jpg,1
d2041d7.jpg,0
d214f7a.jpg,0
d219e5a.jpg,0
d21b166.jpg,0
d22878c.jpg,0
d22eb33.jpg,1
d22eb8a.jpg,0
d239cc1.jpg,0
d24e67f.jpg,1
d25d1fb.jpg,1
d265d38.jpg,0
d27e37b.jpg,0
d29a30a.jpg,1
d2a42ee.jpg,0
d2a540d.jpg,0
d2b4399.jpg,1
d2b72aa.jpg,0
d2c4532.jpg,0
d2c5a99.jpg,0
d2e0f14.jpg,0
d2e7aa7.jpg,0
d2eb9fe.jpg,1
d314a09.jpg,1
d31a7e8.jpg,0
d31af98.jpg,0
d31f11f.jpg,0
d32bb8c.jpg,1
d32d131.jpg,0
d33a8e2.jpg,0
d34eeaa.jpg,0
d35d04f.jpg,0
d36b6d0.jpg,0
d391aba.jpg,0
d396efb.jpg,0
d3998ec.jpg,0
d3ab064.jpg,0
d3abb3a.jpg,1
d3cc177.jpg,0
d3ce19b.jpg,1
d3cee5d.jpg,1
d3dfa34.jpg,0
d3e7f2e.jpg,0
d3f605d.jpg,0
d3fae91.jpg,0
d4115fc.jpg,0
d412278.jpg,1
d426568.jpg,1
d43600c.jpg,0
d43fbf7.jpg,0
d441a18.jpg,1
d4437b2.jpg,0
d44935d.jpg,0
d45e613.jpg,0
d464108.jpg,0
d46b285.jpg,0
d46c245.jpg,0
d47beec.jpg,0
d4a3c2b.jpg,1
d4a9c38.jpg,0
d4c42e7.jpg,0
d4cb5ac.jpg,1
d4d2542.jpg,0
d4e1195.jpg,1
d519943.jpg,0
d520637.jpg,0
d52a228.jpg,1
d53085f.jpg,0
d543bde.jpg,0
d5519b0.jpg,1
d553000.jpg,0
d56d6d3.jpg,0
d578db5.jpg,0
d58379d.jpg,1
d59998b.jpg,1
d5a17de.jpg,0
d5a6430.jpg,0
d5afb95.jpg,0
d5c0ce6.jpg,0
d5c3f29.jpg,1
d5ec889.jpg,0
d5f6df8.jpg,1
d5fc477.jpg,0
d60352a.jpg,1
d61faff.jpg,1
d63531b.jpg,1
d635df8.jpg,1
d63c44f.jpg,1
d64306d.jpg,0
d66266c.jpg,1
d675960.jpg,0
d67c7be.jpg,1
d69a57e.jpg,0
d69f49f.jpg,1
d6a057a.jpg,1
d6a49aa.jpg,0
d6e82c0.jpg,1
d6f2c31.jpg,0
d6f4f97.jpg,1
d6fd62e.jpg,0
d707cef.jpg,0
d71a565.jpg,0
d73a559.jpg,0
d741260.jpg,0
d744e88.jpg,0
d74517a.jpg,0
d746b58.jpg,1
d7591b4.jpg,0
d75fa24.jpg,0
d761201.jpg,0
d7638eb.jpg,0
d770487.jpg,1
d779938.jpg,0
d77a027.jpg,1
d77c2bf.jpg,0
d7a574a.jpg,1
d7bb47f.jpg,0
d7c4b30.jpg,1
d7ddcb8.jpg,0
d7f7943.jpg,0
d819d94.jpg,1
d81b38d.jpg,0
d821c94.jpg,0
d8225a3.jpg,0
d826b89.jpg,0
d82aebf.jpg,0
d833a68.jpg,0
d836ac5.jpg,1
d84a0d8.jpg,0
d84c2b3.jpg,1
d84db76.jpg,0
d86d882.jpg,0
d873cd8.jpg,1
d87c848.jpg,1
d8a0a70.jpg,0
d8a17b7.jpg,0
d8b72f8.jpg,1
d8b7bcc.jpg,1
d8bdc04.jpg,1
d8cdb15.jpg,1
d8e6f12.jpg,0
d909014.jpg,0
d90e620.jpg,0
d911122.jpg,0
d9152f3.jpg,0
d920035.jpg,1
d92fd9b.jpg,1
d93502b.jpg,0
d9433e5.jpg,1
d943bba.jpg,1
d9844c0.jpg,1
d9949bd.jpg,1
d9989e9.jpg,0
d9a478b.jpg,0
d9a7608.jpg,1
d9b3608.jpg,1
d9bc3a5.jpg,1
d9c4b0b.jpg,1
d9c53a7.jpg,0
d9c6728.jpg,0
d9d225f.jpg,1
d9d8dda.jpg,1
d9dd36e.jpg,0
d9e3cf4.jpg,0
d9e923d.jpg,1
d9f3a39.jpg,0
da050f3.jpg,1
da0d544.jpg,1
da13a8f.jpg,0
da1dd3f.jpg,0
da27960.jpg,0
da2bcca.jpg,1
da2e895.jpg,1
da43152.jpg,0
da4b276.jpg,0
da4bf4c.jpg,0
da5b018.jpg,1
da6473a.jpg,0
da918d4.jpg,0
daa66ca.jpg,0
dab3dd1.jpg,1
daba9e1.jpg,0
dacc798.jpg,0
dacec90.jpg,0
dad44e0.jpg,0
dadcce8.jpg,1
dade081.jpg,0
db00f19.jpg,1
db06c8a.jpg,1
db0a057.jpg,1
db0b342.jpg,0
db36366.jpg,0
db4030a.jpg,0
db483a2.jpg,1
db593d3.jpg,0
db5a703.jpg,0
db6052a.jpg,0
db6272a.jpg,1
dba3b3c.jpg,1
dbb07a3.jpg,0
dbb6dea.jpg,1
dbd45d8.jpg,1
dbe7fef.jpg,0
dbea334.jpg,0
dbec899.jpg,0
dbf216b.jpg,0
dbf939c.jpg,0
dbfb770.jpg,0
dc09c29.jpg,1
dc124af.jpg,1
dc1366a.jpg,1
dc297df.jpg,0
dc307b2.jpg,1
dc30cd6.jpg,0
dc35937.jpg,0
dc37348.jpg,1
dc3fe1f.jpg,0
dc6b7c0.jpg,1
dc70c86.jpg,0
dc72052.jpg,0
dc8b471.jpg,1
dcaaadb.jpg,0
dcb9772.jpg,1
dcc761b.jpg,0
dcd0238.jpg,0
dcd0664.jpg,1
dcdbd73.jpg,0
dce58c4.jpg,1
dceebb5.jpg,0
dcf0346.jpg,1
dd0f0b2.jpg,1
dd0f6d8.jpg,0
dd14bd1.jpg,0
dd1744a.jpg,1
dd2769a.jpg,0
dd2de1a.jpg,0
dd2df73.jpg,0
dd35da2.jpg,1
dd41467.jpg,0
dd4459d.jpg,0
dd5038a.jpg,0
dd51e1a.jpg,0
dd5cc66.jpg,1
dd611a7.jpg,0
dd642bd.jpg,0
dd8372e.jpg,1
dd8f969.jpg,0
dd938fa.jpg,1
dd9573c.jpg,0
dd97d03.jpg,0
dd9e131.jpg,0
dd9eff5.jpg,0
dda2d2e.jpg,1
dda6e34.jpg,0
ddb9ef1.jpg,1
ddd5983.jpg,0
ddde994.jpg,0
dddf683.jpg,0
dde4feb.jpg,0
dde7a13.jpg,1
ddeed22.jpg,0
ddf11b5.jpg,0
ddff8a5.jpg,1
de030e6.jpg,0
de0dacd.jpg,0
de0f65a.jpg,1
de26bcb.jpg,0
de2c9bb.jpg,1
de31c99.jpg,1
de5fc13.jpg,1
de622ff.jpg,1
de6dcdd.jpg,1
de899c5.jpg,1
de95b10.jpg,0
dea5493.jpg,1
deae205.jpg,0
dec45e3.jpg,0
ded6a68.jpg,0
dede987.jpg,1
dee1ccf.jpg,0
def9132.jpg,1
df07935.jpg,1
df0a8ed.jpg,0
df0d5e6.jpg,0
df1687a.jpg,0
df1ecdf.jpg,1
df34270.jpg,1
df34574.jpg,0
df426c2.jpg,0
df4b050.jpg,1
df4e328.jpg,1
df69207.jpg,0
df6b3a7.jpg,0
df7fcd3.jpg,1
df8ed4a.jpg,0
df97736.jpg,1
dfb0242.jpg,1
dfb4e2b.jpg,0
dfd58e9.jpg,0
dfd8e40.jpg,1
dfdad36.jpg,1
dfddf3d.jpg,1
dfe801e.jpg,1
dff4378.jpg,1
e0045bf.jpg,0
e00ba80.jpg,0
e012aff.jpg,1
e0146fd.jpg,1
e015a36.jpg,0
e01bb55.jpg,1
e02cc61.jpg,1
e03680b.jpg,0
e04c1ea.jpg,0
e04fea3.jpg,0
e050c90.jpg,0
e05bd81.jpg,0
e061841.jpg,0
e074625.jpg,0
e07e5de.jpg,0
e07f702.jpg,1
e099dc8.jpg,0
e0a1ece.jpg,0
e0b351c.jpg,1
e0b9b93.jpg,1
e0bf08f.jpg,0
e0bfbf6.jpg,0
e0c2169.jpg,0
e0c2dd0.jpg,0
e0cbf7e.jpg,0
e0d46d0.jpg,1
e0ddcc7.jpg,1
e0ee31d.jpg,1
e106ef8.jpg,0
e10721d.jpg,1
e1265e8.jpg,0
e14df65.jpg,0
e14f484.jpg,0
e153f05.jpg,1
e15b995.jpg,0
e167e92.jpg,1
e1723b2.jpg,0
e1745e0.jpg,1
e17542b.jpg,0
e18eee1.jpg,0
e19282c.jpg,1
e199821.jpg,0
e19d75e.jpg,0
e1afaa9.jpg,0
e1b35d8.jpg,1
e1bed35.jpg,1
e1cc002.jpg,0
e1cf1c4.jpg,1
e1e2bfe.jpg,1
e211341.jpg,1
e2245ce.jpg,0
e23ee27.jpg,0
e251172.jpg,0
e2676ff.jpg,1
e274ce2.jpg,0
e27810f.jpg,0
e279cfc.jpg,1
e298926.jpg,0
e2ae924.jpg,1
e2b22b2.jpg,0
e2b400c.jpg,0
e2b4f04.jpg,0
e2bf8ed.jpg,1
e2ca424.jpg,0
e2cae44.jpg,1
e2d4b91.jpg,0
e2dc102.jpg,1
e2e4fa9.jpg,1
e2e565a.jpg,1
e2e8ad6.jpg,1
e2ec3a8.jpg,0
e308326.jpg,1
e308e8b.jpg,0
e317214.jpg,1
e31f00d.jpg,1
e32196c.jpg,0
e33bbcb.jpg,1
e34d3c8.jpg,1
e358c18.jpg,0
e361d28.jpg,1
e36c7a3.jpg,1
e374233.jpg,1
e37d0b0.jpg,0
e37e002.jpg,0
e37eacf.jpg,0
e380632.jpg,0
e388eda.jpg,0
e3a2bfb.jpg,0
e3a38bd.jpg,0
e3b2d48.jpg,1
e3b3009.jpg,0
e3be10a.jpg,0
e3c4dc6.jpg,0
e3dd3bc.jpg,1
e3ecaca.jpg,0
e407a1b.jpg,1
e40873d.jpg,1
e416bbd.jpg,0
e425066.jpg,0
e43d269.jpg,0
e4552b7.jpg,1
e45ee84.jpg,1
e462466.jpg,0
e462ac6.jpg,0
e465d63.jpg,0
e46858a.jpg,0
e479c60.jpg,0
e47d190.jpg,0
e48052f.jpg,1
e48ea19.jpg,0
e49076a.jpg,0
e492617.jpg,1
e4a7acd.jpg,1
e4a7f75.jpg,0
e4a98bd.jpg,1
e4b02d9.jpg,1
e4b85b6.jpg,0
e4cfc6e.jpg,0
e4e22fd.jpg,1
e4eb39c.jpg,1
e4ef2d6.jpg,0
e4fb8cf.jpg,1
e508152.jpg,1
e51e143.jpg,0
e520063.jpg,0
e52470b.jpg,1
e5273dc.jpg,0
e530d59.jpg,0
e53dacc.jpg,0
e5405df.jpg,1
e545d29.jpg,0
e570ee3.jpg,1
e57be0b.jpg,0
e59cec9.jpg,1
e5a9d8f.jpg,1
e5acc2e.jpg,1
e5b7784.jpg,1
e5bfba8.jpg,1
e5d32cb.jpg,0
e5d44d0.jpg,0
e5ec2d9.jpg,0
e5f2f24.jpg,0
e6018ad.jpg,0
e612e1b.jpg,1
e616d2e.jpg,1
e61d38e.jpg,0
e61ea34.jpg,0
e620bf5.jpg,0
e62e313.jpg,1
e63156c.jpg,0
e6388bb.jpg,1
e63b6b0.jpg,0
e64caaa.jpg,0
e672f32.jpg,0
e674a99.jpg,0
e678b7a.jpg,0
e681e81.jpg,1
e68f3be.jpg,1
e69a0b2.jpg,1
e69a5fa.jpg,1
e6a8ba4.jpg,1
e6ae091.jpg,1
e6b0b70.jpg,1
e6b50e6.jpg,0
e6bbfb5.jpg,1
e6da870.jpg,0
e6f1c55.jpg,1
e6f1fc9.jpg,0
e6fb241.jpg,0
e6fd8d4.jpg,1
e703d29.jpg,0
e70a74e.jpg,0
e71d1aa.jpg,1
e73404d.jpg,0
e737fcb.jpg,1
e7431c2.jpg,0
e755488.jpg,1
e7568d8.jpg,0
e78a320.jpg,1
e78bd86.jpg,0
e791403.jpg,0
e798b9b.jpg,0
e7a7bf8.jpg,0
e7a7dde.jpg,1
e7a9377.jpg,0
e7aaa40.jpg,0
e7ab52f.jpg,1
e7ac66d.jpg,0
e7b9c69.jpg,1
e7bec8a.jpg,0
e7bfdd6.jpg,1
e7c8f56.jpg,0
e7d02f4.jpg,1
e7df904.jpg,0
e7e7b39.jpg,1
e7f8bd2.jpg,1
e7f907c.jpg,0
e8026e4.jpg,0
e80676a.jpg,1
e834de3.jpg,1
e83d2c5.jpg,0
e85a65d.jpg,0
e860c5b.jpg,1
e86f45a.jpg,0
e891f41.jpg,0
e8a1f59.jpg,0
e8b009d.jpg,1
e8b4c68.jpg,1
e8b6bac.jpg,1
e8bd2a7.jpg,1
e8c8845.jpg,0
e8c8a5a.jpg,0
e8d414f.jpg,0
e8e25ab.jpg,1
e8ff27c.jpg,1
e8ff6d4.jpg,1
e91500f.jpg,0
e93422f.jpg,0
e947d1c.jpg,1
e94f7d1.jpg,0
e952209.jpg,1
e98917a.jpg,0
e998dce.jpg,0
e9ab0ff.jpg,0
e9c15bb.jpg,1
e9c309f.jpg,0
e9d74cc.jpg,1
e9da920.jpg,1
e9e9635.jpg,1
e9ea7cc.jpg,0
e9ec26d.jpg,1
ea08016.jpg,1
ea14548.jpg,1
ea16151.jpg,0
ea17711.jpg,0
ea3e77e.jpg,0
ea441e6.jpg,0
ea49a16.jpg,1
ea4f338.jpg,1
ea6165d.jpg,0
ea72c79.jpg,1
ea7f553.jpg,1
ea90a07.jpg,0
eaa2a7f.jpg,0
eaad219.jpg,0
eaaf7e4.jpg,1
ead5970.jpg,1
ead5d5e.jpg,0
eadc645.jpg,0
eae8f5d.jpg,1
eb0e579.jpg,0
eb1fb5a.jpg,0
eb24ca3.jpg,1
eb27105.jpg,0
eb2ac4d.jpg,1
eb4d7d7.jpg,1
eb4f324.jpg,0
eb4fbdc.jpg,0
eb6d894.jpg,1
eb70288.jpg,0
eb7bff4.jpg,1
eb866a8.jpg,1
eb8ac47.jpg,1
eb8c681.jpg,0
eb99223.jpg,0
eb9efe4.jpg,1
eba612f.jpg,0
eba901f.jpg,1
ebc4043.jpg,0
ebcd2d6.jpg,0
ebd2c6a.jpg,1
ebd4dc2.jpg,1
ebd7bef.jpg,1
ebe596d.jpg,0
ec0d7d2.jpg,0
ec0dddf.jpg,0
ec21516.jpg,0
ec28cef.jpg,0
ec298fb.jpg,1
ec4c19d.jpg,1
ec575f4.jpg,1
ec5fab8.jpg,0
ec6236a.jpg,0
ec77d44.jpg,0
ec8c63f.jpg,0
eca2902.jpg,0
ecac2e7.jpg,0
ecb4341.jpg,1
ecc2325.jpg,0
ecc3d56.jpg,1
ecc7602.jpg,1
ecce03c.jpg,0
ecd5445.jpg,0
ecdbffb.jpg,1
ecdcfdc.jpg,1
ece74d3.jpg,0
eced59d.jpg,1
ecefc50.jpg,0
ecfdd08.jpg,1
ed02203.jpg,0
ed0d92c.jpg,0
ed11db2.jpg,1
ed14407.jpg,0
ed1b813.jpg,0
ed308d4.jpg,1
ed3bbc3.jpg,1
ed3c46c.jpg,0
ed3cbe0.jpg,0
ed3e67e.jpg,1
ed47c78.jpg,1
ed48a59.jpg,0
ed5530f.jpg,1
ed62113.jpg,0
ed65254.jpg,0
ed6de80.jpg,0
ed7b510.jpg,0
ed88353.jpg,1
ed9ed19.jpg,0
eda52f2.jpg,0
eda72ce.jpg,1
edb7608.jpg,1
edbab7b.jpg,0
ede5ef2.jpg,0
edebe8b.jpg,0
ee09289.jpg,0
ee0ba55.jpg,1
ee14cd5.jpg,0
ee20ec1.jpg,0
ee2d222.jpg,0
ee3051a.jpg,0
ee32824.jpg,0
ee45145.jpg,0
ee4aeaf.jpg,0
ee8842a.jpg,1
ee8b0b4.jpg,0
ee9a4b6.jpg,0
ee9d20a.jpg,1
eea6e4c.jpg,1
eea8479.jpg,0
eeaefcd.jpg,0
eeb1c96.jpg,0
eeba036.jpg,0
eec852f.jpg,0
eecf6ee.jpg,1
eed8257.jpg,0
eede5f4.jpg,1
eee1dc4.jpg,0
ef0853a.jpg,0
ef28422.jpg,0
ef2d1ab.jpg,0
ef39e06.jpg,1
ef4fc56.jpg,1
ef5bdc7.jpg,1
ef614b0.jpg,1
ef9516d.jpg,0
efa02f6.jpg,0
efd870b.jpg,1
efe1652.jpg,1
eff8789.jpg,0
f009632.jpg,1
f00c269.jpg,0
f00fb4a.jpg,1
f015e18.jpg,0
f0188ae.jpg,0
f026b3b.jpg,1
f02b552.jpg,0
f03b8c0.jpg,0
f045d61.jpg,0
f060049.jpg,0
f06d0ee.jpg,0
f090609.jpg,0
f095937.jpg,1
f099eb1.jpg,1
f09f20a.jpg,0
f0b4834.jpg,1
f0b92a9.jpg,1
f0d3169.jpg,1
f0e1b47.jpg,0
f0e4b95.jpg,0
f0eebb6.jpg,1
f0f5faf.jpg,0
f0f67be.jpg,0
f102963.jpg,1
f10761c.jpg,0
f10e922.jpg,1
f1179df.jpg,0
f11b05a.jpg,1
f127ff3.jpg,1
f128b90.jpg,1
f133b09.jpg,1
f13cbe0.jpg,1
f14772a.jpg,1
f14cbcf.jpg,1
f157992.jpg,0
f15d534.jpg,1
f178151.jpg,1
f189ed1.jpg,0
f199b1e.jpg,0
f19a7c9.jpg,0
f19a7ed.jpg,0
f1c0970.jpg,0
f1d14cd.jpg,1
f1da432.jpg,0
f1ddbc8.jpg,0
f1e16bc.jpg,0
f1e4864.jpg,0
f1e8c3f.jpg,1
f1f5b4c.jpg,1
f1f99ee.jpg,0
f1fe76a.jpg,1
f203275.jpg,1
f203606.jpg,1
f2113c0.jpg,0
f22b145.jpg,0
f22d753.jpg,0
f2441fa.jpg,1
f258e98.jpg,1
f25aa97.jpg,1
f260df3.jpg,0
f278e02.jpg,1
f2805f4.jpg,1
f2bc927.jpg,0
f2c103a.jpg,1
f2cac27.jpg,1
f2dab6e.jpg,1
f2dbf9d.jpg,1
f2ea3c3.jpg,0
f2fa9e7.jpg,0
f311b9c.jpg,0
f318915.jpg,1
f31ad02.jpg,0
f323fc0.jpg,1
f32724b.jpg,0
f327f20.jpg,1
f339300.jpg,0
f33eb10.jpg,1
f34ac86.jpg,0
f34fb69.jpg,1
f35a239.jpg,1
f38bbd3.jpg,0
f39c624.jpg,1
f39e4b1.jpg,1
f3a06e8.jpg,0
f3c104d.jpg,1
f3d3997.jpg,0
f3dad96.jpg,1
f3ee48d.jpg,1
f411051.jpg,0
f419d8e.jpg,0
f42a1bc.jpg,0
f42e3d6.jpg,0
f431307.jpg,0
f434b17.jpg,0
f43b2f7.jpg,1
f43dad3.jpg,0
f44d9ae.jpg,1
f450e3f.jpg,1
f45a3d6.jpg,1
f45b63b.jpg,0
f4661bb.jpg,0
f468aa3.jpg,0
f485249.jpg,0
f490b23.jpg,0
f49d353.jpg,1
f49f397.jpg,0
f4ad413.jpg,0
f4b2516.jpg,0
f4c0d72.jpg,0
f4c6117.jpg,1
f4d657a.jpg,1
f4d745d.jpg,0
f4dc2aa.jpg,0
f4e82e9.jpg,0
f4f4403.jpg,1
f4f9be2.jpg,0
f507eab.jpg,0
f509757.jpg,0
f50c84e.jpg,0
f50eb93.jpg,1
f50ec48.jpg,1
f516a20.jpg,1
f51fa34.jpg,1
f5315fe.jpg,0
f5324e9.jpg,0
f535ddd.jpg,0
f54d745.jpg,0
f55bc0a.jpg,0
f55e5d5.jpg,1
f5691a9.jpg,0
f56a4a5.jpg,0
f56bfa6.jpg,1
f56c497.jpg,0
f56f4bb.jpg,0
f572ee9.jpg,0
f58541c.jpg,0
f58ff82.jpg,1
f5a66e7.jpg,1
f5bb106.jpg,1
f5c2555.jpg,1
f5c3d73.jpg,0
f5ce1f6.jpg,1
f5eafb2.jpg,0
f5efbe6.jpg,0
f5f2a9b.jpg,0
f60cfef.jpg,1
f61136b.jpg,1
f6140e8.jpg,0
f6439ca.jpg,0
f658b5c.jpg,0
f65929d.jpg,0
f679d83.jpg,0
f68944a.jpg,0
f699300.jpg,1
f6af9ef.jpg,0
f6b0528.jpg,0
f6cbba5.jpg,1
f6cd5e7.jpg,0
f6d3374.jpg,1
f6dabb4.jpg,0
f6e401d.jpg,0
f6e93d1.jpg,0
f6f707c.jpg,0
f70c98c.jpg,0
f720180.jpg,0
f720bab.jpg,0
f7390a6.jpg,0
f749c69.jpg,1
f7542b2.jpg,0
f755011.jpg,0
f75ffdd.jpg,0
f77fdb4.jpg,0
f78975e.jpg,1
f78bab7.jpg,1
f78bc4a.jpg,1
f78f2ce.jpg,0
f7bafc1.jpg,0
f7be34b.jpg,1
f7bf7ed.jpg,0
f7c7a49.jpg,0
f7ce762.jpg,1
f7fcf8c.jpg,1
f800872.jpg,1
f809046.jpg,0
f829a0a.jpg,0
f834d4c.jpg,0
f838ec2.jpg,1
f847a0a.jpg,0
f888534.jpg,0
f894de0.jpg,0
f89ae7c.jpg,0
f8a9d37.jpg,0
f8ad135.jpg,0
f8b039c.jpg,0
f8b1c91.jpg,0
f8b96bc.jpg,1
f8be7a4.jpg,0
f8c0df9.jpg,1
f8c81b2.jpg,1
f8d6e86.jpg,0
f8fc49c.jpg,0
f9038f8.jpg,1
f90e90d.jpg,0
f91018e.jpg,0
f91fc07.jpg,0
f924621.jpg,0
f934fd7.jpg,0
f954bde.jpg,1
f95df5a.jpg,1
f96e68c.jpg,0
f9743d9.jpg,1
f974b85.jpg,1
f981590.jpg,0
f987337.jpg,0
f98a258.jpg,0
f9a7a85.jpg,0
f9aea29.jpg,0
f9c6311.jpg,1
f9cd52d.jpg,1
f9d19e3.jpg,1
f9e5a17.jpg,0
f9e78c4.jpg,0
f9f28f8.jpg,0
fa0753f.jpg,1
fa12d07.jpg,0
fa22ae4.jpg,0
fa286d8.jpg,1
fa37c90.jpg,1
fa4db3e.jpg,1
fa53fe0.jpg,1
fa569dc.jpg,0
fa645da.jpg,0
fa71d2a.jpg,1
fa86af2.jpg,1
fa9c2ed.jpg,1
fa9f011.jpg,0
faa64f6.jpg,1
fabf96b.jpg,1
fac69d0.jpg,1
fad0769.jpg,0
fada7d6.jpg,1
fae6820.jpg,1
faf4960.jpg,1
faf83a4.jpg,0
fafc316.jpg,1
fb0827a.jpg,1
fb19455.jpg,0
fb2421c.jpg,0
fb52310.jpg,1
fb53793.jpg,1
fb87ac4.jpg,0
fb8dde1.jpg,0
fba6def.jpg,1
fbae2e2.jpg,0
fbb6ac6.jpg,0
fbc04e3.jpg,1
fbc628e.jpg,1
fbe1f24.jpg,1
fbee7e5.jpg,0
fc0aef7.jpg,1
fc15eb7.jpg,0
fc21b05.jpg,0
fc25229.jpg,1
fc27e95.jpg,0
fc5ccee.jpg,0
fc69020.jpg,0
fc711e5.jpg,1
fc76a90.jpg,0
fc83765.jpg,0
fc93558.jpg,0
fc94769.jpg,0
fca78d5.jpg,0
fcb25d2.jpg,0
fccd58d.jpg,0
fce60a3.jpg,0
fce721b.jpg,0
fcf5591.jpg,0
fcf7655.jpg,0
fd02ab6.jpg,1
fd02da7.jpg,0
fd0cad5.jpg,1
fd1610d.jpg,0
fd16a89.jpg,0
fd1da12.jpg,0
fd311f3.jpg,1
fd4b02c.jpg,1
fd5aa5d.jpg,0
fd5b3ab.jpg,1
fd7295d.jpg,0
fd8bf8a.jpg,0
fd90801.jpg,0
fd996b6.jpg,0
fda2110.jpg,0
fdb3c47.jpg,0
fdd1f68.jpg,0
fdd5083.jpg,0
fdd7492.jpg,0
fdec1a8.jpg,1
fded497.jpg,0
fdf4645.jpg,1
fdfa5e1.jpg,1
fdfc6f9.jpg,0
fe07e1c.jpg,0
fe0d949.jpg,1
fe2abd1.jpg,0
fe7a56b.jpg,0
fe7ec44.jpg,0
fe9eefc.jpg,0
feb0bb4.jpg,0
feb81c0.jpg,0
ff00e81.jpg,0
ff08a5e.jpg,0
ff1ee67.jpg,1
ff26446.jpg,0
ff2b181.jpg,1
ff3247e.jpg,0
ff38d0a.jpg,1
ff4222b.jpg,1
ff44079.jpg,1
ff4d53c.jpg,0
ff50b6a.jpg,0
ff5d4cf.jpg,1
ff5e79c.jpg,0
ff6d2fd.jpg,1
ff76b5a.jpg,0
ff7d65d.jpg,1
ff7ebeb.jpg,0
ff7f590.jpg,1
ff81435.jpg,1
ff8401a.jpg,0
ff961b3.jpg,1
ffb3266.jpg,0
ffb5b86.jpg,0
ffbe4b8.jpg,1
ffbf254.jpg,1
ffc31af.jpg,0
ffca427.jpg,0
ffcc849.jpg,1
ffcd7ef.jpg,0
ffcedf2.jpg,0
ffd11b6.jpg,1
ffd3dfb.jpg,0
ffd6680.jpg,1
ffea4f4.jpg,1
